-- Insert Customers (50 records)
INSERT INTO Customers (customer_id, first_name, last_name, email, phone, division, district, address, registration_date) VALUES
(1, 'John', 'Doe', 'john.doe@email.com', '01711111111', 'Dhaka', 'Dhaka', '123 Main St, Dhaka', '2023-01-15'),
(2, 'Jane', 'Smith', 'jane.smith@email.com', '01722222222', 'Chittagong', 'Chittagong', '456 Ocean Rd, Chittagong', '2023-01-20'),
(3, 'Ahmed', 'Rahman', 'ahmed.rahman@email.com', '01733333333', 'Dhaka', 'Gazipur', '789 Industrial Ave, Gazipur', '2023-02-01'),
(4, 'Fatima', 'Khan', 'fatima.khan@email.com', '01744444444', 'Rajshahi', 'Rajshahi', '321 University Rd, Rajshahi', '2023-02-10'),
(5, 'Michael', 'Johnson', 'michael.j@email.com', '01755555555', 'Dhaka', 'Dhaka', '654 Park Ave, Dhaka', '2023-02-15'),
(6, 'Sarah', 'Williams', 'sarah.w@email.com', '01766666666', 'Sylhet', 'Sylhet', '987 Tea Garden Rd, Sylhet', '2023-03-01'),
(7, 'Karim', 'Hassan', 'karim.hassan@email.com', '01777777777', 'Khulna', 'Khulna', '147 River St, Khulna', '2023-03-05'),
(8, 'Ayesha', 'Begum', 'ayesha.begum@email.com', '01788888888', 'Dhaka', 'Narayanganj', '258 Factory Rd, Narayanganj', '2023-03-10'),
(9, 'David', 'Brown', 'david.brown@email.com', '01799999999', 'Barisal', 'Barisal', '369 Port Rd, Barisal', '2023-03-15'),
(10, 'Nadia', 'Islam', 'nadia.islam@email.com', '01811111111', 'Dhaka', 'Dhaka', '741 Shopping Complex, Dhaka', '2023-03-20'),
(11, 'Robert', 'Davis', 'robert.davis@email.com', '01822222222', 'Chittagong', 'Cox''s Bazar', '852 Beach Rd, Cox''s Bazar', '2023-04-01'),
(12, 'Zainab', 'Ali', 'zainab.ali@email.com', '01833333333', 'Rangpur', 'Rangpur', '963 North Ave, Rangpur', '2023-04-05'),
(13, 'James', 'Wilson', 'james.wilson@email.com', '01844444444', 'Dhaka', 'Dhaka', '159 Central Rd, Dhaka', '2023-04-10'),
(14, 'Mariam', 'Ahmed', 'mariam.ahmed@email.com', '01855555555', 'Mymensingh', 'Mymensingh', '357 College Rd, Mymensingh', '2023-04-15'),
(15, 'William', 'Moore', 'william.moore@email.com', '01866666666', 'Dhaka', 'Dhaka', '486 Business District, Dhaka', '2023-04-20'),
(16, 'Tasnim', 'Haque', 'tasnim.haque@email.com', '01877777777', 'Chittagong', 'Chittagong', '753 Harbor View, Chittagong', '2023-05-01'),
(17, 'Thomas', 'Taylor', 'thomas.taylor@email.com', '01888888888', 'Dhaka', 'Dhaka', '951 Technology Park, Dhaka', '2023-05-05'),
(18, 'Samira', 'Rahman', 'samira.rahman@email.com', '01899999999', 'Sylhet', 'Moulvibazar', '264 Hill View, Moulvibazar', '2023-05-10'),
(19, 'Christopher', 'Anderson', 'chris.anderson@email.com', '01911111111', 'Dhaka', 'Dhaka', '573 Airport Rd, Dhaka', '2023-05-15'),
(20, 'Rifat', 'Chowdhury', 'rifat.chow@email.com', '01922222222', 'Khulna', 'Jessore', '682 Border Rd, Jessore', '2023-05-20'),
(21, 'Daniel', 'Thomas', 'daniel.thomas@email.com', '01933333333', 'Dhaka', 'Dhaka', '791 Medical Rd, Dhaka', '2023-06-01'),
(22, 'Sadia', 'Karim', 'sadia.karim@email.com', '01944444444', 'Rajshahi', 'Bogra', '135 Silk Rd, Bogra', '2023-06-05'),
(23, 'Matthew', 'Jackson', 'matthew.jackson@email.com', '01955555555', 'Dhaka', 'Dhaka', '246 Fashion St, Dhaka', '2023-06-10'),
(24, 'Nabila', 'Sultana', 'nabila.sultana@email.com', '01966666666', 'Chittagong', 'Chittagong', '357 Trade Center, Chittagong', '2023-06-15'),
(25, 'Anthony', 'White', 'anthony.white@email.com', '01977777777', 'Dhaka', 'Dhaka', '468 Finance St, Dhaka', '2023-06-20'),
(26, 'Farzana', 'Yasmin', 'farzana.yasmin@email.com', '01988888888', 'Sylhet', 'Sylhet', '579 Garden Rd, Sylhet', '2023-07-01'),
(27, 'Mark', 'Harris', 'mark.harris@email.com', '01999999999', 'Dhaka', 'Dhaka', '681 Sports Complex, Dhaka', '2023-07-05'),
(28, 'Ruksana', 'Parveen', 'ruksana.parveen@email.com', '01711122222', 'Barisal', 'Patuakhali', '792 Coastal Rd, Patuakhali', '2023-07-10'),
(29, 'Paul', 'Martin', 'paul.martin@email.com', '01722233333', 'Dhaka', 'Dhaka', '135 Museum Rd, Dhaka', '2023-07-15'),
(30, 'Shirin', 'Akter', 'shirin.akter@email.com', '01733344444', 'Rangpur', 'Dinajpur', '246 Agricultural Ave, Dinajpur', '2023-07-20'),
(31, 'Steven', 'Thompson', 'steven.thompson@email.com', '01744455555', 'Dhaka', 'Dhaka', '357 Library St, Dhaka', '2023-08-01'),
(32, 'Maliha', 'Hossain', 'maliha.hossain@email.com', '01755566666', 'Chittagong', 'Comilla', '468 Railway Rd, Comilla', '2023-08-05'),
(33, 'Andrew', 'Garcia', 'andrew.garcia@email.com', '01766677777', 'Dhaka', 'Dhaka', '579 Hotel St, Dhaka', '2023-08-10'),
(34, 'Sultana', 'Begum', 'sultana.begum@email.com', '01777788888', 'Khulna', 'Khulna', '681 Market Rd, Khulna', '2023-08-15'),
(35, 'Joshua', 'Martinez', 'joshua.martinez@email.com', '01788899999', 'Dhaka', 'Dhaka', '792 Restaurant Row, Dhaka', '2023-08-20'),
(36, 'Amina', 'Khatun', 'amina.khatun@email.com', '01799911111', 'Mymensingh', 'Netrokona', '135 Lake View, Netrokona', '2023-09-01'),
(37, 'Kevin', 'Rodriguez', 'kevin.rodriguez@email.com', '01811122222', 'Dhaka', 'Dhaka', '246 Cinema Hall, Dhaka', '2023-09-05'),
(38, 'Rabeya', 'Sultana', 'rabeya.sultana@email.com', '01822233333', 'Sylhet', 'Habiganj', '357 Tea Estate, Habiganj', '2023-09-10'),
(39, 'Brian', 'Lee', 'brian.lee@email.com', '01833344444', 'Dhaka', 'Dhaka', '468 School Rd, Dhaka', '2023-09-15'),
(40, 'Nasrin', 'Jahan', 'nasrin.jahan@email.com', '01844455555', 'Chittagong', 'Feni', '579 Bridge Rd, Feni', '2023-09-20'),
(41, 'George', 'Walker', 'george.walker@email.com', '01855566666', 'Dhaka', 'Dhaka', '681 Plaza Center, Dhaka', '2023-10-01'),
(42, 'Tahmina', 'Akhter', 'tahmina.akhter@email.com', '01866677777', 'Rajshahi', 'Natore', '792 Sugar Mill Rd, Natore', '2023-10-05'),
(43, 'Edward', 'Hall', 'edward.hall@email.com', '01877788888', 'Dhaka', 'Dhaka', '135 Stadium Rd, Dhaka', '2023-10-10'),
(44, 'Mahmuda', 'Khatun', 'mahmuda.khatun@email.com', '01888899999', 'Barisal', 'Bhola', '246 Island View, Bhola', '2023-10-15'),
(45, 'Ronald', 'Allen', 'ronald.allen@email.com', '01899911111', 'Dhaka', 'Dhaka', '357 Convention Center, Dhaka', '2023-10-20'),
(46, 'Sharmin', 'Akter', 'sharmin.akter@email.com', '01911122222', 'Rangpur', 'Kurigram', '468 River Bank, Kurigram', '2023-11-01'),
(47, 'Jason', 'Young', 'jason.young@email.com', '01922233333', 'Dhaka', 'Dhaka', '579 Art Gallery, Dhaka', '2023-11-05'),
(48, 'Hasina', 'Begum', 'hasina.begum@email.com', '01933344444', 'Khulna', 'Satkhira', '681 Mangrove Rd, Satkhira', '2023-11-10'),
(49, 'Ryan', 'King', 'ryan.king@email.com', '01944455555', 'Dhaka', 'Dhaka', '792 Diplomatic Zone, Dhaka', '2023-11-15'),
(50, 'Farhana', 'Islam', 'farhana.islam@email.com', '01955566666', 'Chittagong', 'Rangamati', '135 Hill Tracts, Rangamati', '2023-11-20');

-- Insert Sellers (50 records)
INSERT INTO Sellers (seller_id, seller_name, brand_type, contact_email) VALUES
(1, 'TechZone BD', 'Electronics', 'contact@techzonebd.com'),
(2, 'Fashion Hub', 'Clothing', 'info@fashionhub.com'),
(3, 'HomeEssentials', 'Home & Kitchen', 'support@homeessentials.com'),
(4, 'BookWorld', 'Books', 'hello@bookworld.com'),
(5, 'SportsPro', 'Sports', 'sales@sportspro.com'),
(6, 'BeautyBazaar', 'Cosmetics', 'contact@beautybazaar.com'),
(7, 'GadgetStore', 'Electronics', 'info@gadgetstore.com'),
(8, 'KidsCorner', 'Toys', 'support@kidscorner.com'),
(9, 'FurnitureMax', 'Furniture', 'hello@furnituremax.com'),
(10, 'HealthPlus', 'Health', 'sales@healthplus.com'),
(11, 'AutoParts BD', 'Automotive', 'contact@autopartsbd.com'),
(12, 'PetZone', 'Pet Supplies', 'info@petzone.com'),
(13, 'OfficeSupply', 'Office', 'support@officesupply.com'),
(14, 'MusicHub', 'Musical Instruments', 'hello@musichub.com'),
(15, 'GardenStore', 'Garden', 'sales@gardenstore.com'),
(16, 'ElectroMart', 'Electronics', 'contact@electromart.com'),
(17, 'StyleZone', 'Fashion', 'info@stylezone.com'),
(18, 'KitchenKing', 'Kitchen', 'support@kitchenking.com'),
(19, 'ToyUniverse', 'Toys', 'hello@toyuniverse.com'),
(20, 'FitnessGear', 'Sports', 'sales@fitnessgear.com'),
(21, 'SmartHome BD', 'Electronics', 'contact@smarthomebd.com'),
(22, 'BabyWorld', 'Baby Products', 'info@babyworld.com'),
(23, 'JewelryBox', 'Jewelry', 'support@jewelrybox.com'),
(24, 'ShoeStation', 'Footwear', 'hello@shoestation.com'),
(25, 'WatchWorld', 'Watches', 'sales@watchworld.com'),
(26, 'BagBoutique', 'Bags', 'contact@bagboutique.com'),
(27, 'CameraHub', 'Photography', 'info@camerahub.com'),
(28, 'GamingZone', 'Gaming', 'support@gamingzone.com'),
(29, 'ArtSupply', 'Art', 'hello@artsupply.com'),
(30, 'CraftStore', 'Crafts', 'sales@craftstore.com'),
(31, 'MobileShop', 'Electronics', 'contact@mobileshop.com'),
(32, 'LaptopWorld', 'Computers', 'info@laptopworld.com'),
(33, 'PrinterHub', 'Office', 'support@printerhub.com'),
(34, 'NetworkGear', 'IT Equipment', 'hello@networkgear.com'),
(35, 'AudioPro', 'Audio', 'sales@audiopro.com'),
(36, 'VideoTech', 'Video', 'contact@videotech.com'),
(37, 'LightingStore', 'Lighting', 'info@lightingstore.com'),
(38, 'ToolMart', 'Tools', 'support@toolmart.com'),
(39, 'BikeShop', 'Bicycles', 'hello@bikeshop.com'),
(40, 'OutdoorGear', 'Outdoor', 'sales@outdoorgear.com'),
(41, 'CampingWorld', 'Camping', 'contact@campingworld.com'),
(42, 'FishingHub', 'Fishing', 'info@fishinghub.com'),
(43, 'TravelGear', 'Travel', 'support@travelgear.com'),
(44, 'LuggageStore', 'Luggage', 'hello@luggagestore.com'),
(45, 'PartySupply', 'Party', 'sales@partysupply.com'),
(46, 'GiftShop', 'Gifts', 'contact@giftshop.com'),
(47, 'StationeryWorld', 'Stationery', 'info@stationeryworld.com'),
(48, 'CleaningSupply', 'Cleaning', 'support@cleaningsupply.com'),
(49, 'SecurityGear', 'Security', 'hello@securitygear.com'),
(50, 'IndustrialSupply', 'Industrial', 'sales@industrialsupply.com');

-- Insert Categories (50 records)
INSERT INTO Categories (category_id, category_name, parent_category_id) VALUES
(1, 'Electronics', NULL),
(2, 'Fashion', NULL),
(3, 'Home & Kitchen', NULL),
(4, 'Books', NULL),
(5, 'Sports & Outdoors', NULL),
(6, 'Beauty & Personal Care', NULL),
(7, 'Toys & Games', NULL),
(8, 'Automotive', NULL),
(9, 'Health & Wellness', NULL),
(10, 'Office Products', NULL),
(11, 'Mobile Phones', 1),
(12, 'Laptops', 1),
(13, 'Cameras', 1),
(14, 'Headphones', 1),
(15, 'Smartwatches', 1),
(16, 'Men''s Clothing', 2),
(17, 'Women''s Clothing', 2),
(18, 'Kids'' Clothing', 2),
(19, 'Shoes', 2),
(20, 'Bags & Luggage', 2),
(21, 'Kitchen Appliances', 3),
(22, 'Furniture', 3),
(23, 'Home Decor', 3),
(24, 'Bedding', 3),
(25, 'Lighting', 3),
(26, 'Fiction Books', 4),
(27, 'Non-Fiction Books', 4),
(28, 'Textbooks', 4),
(29, 'Children''s Books', 4),
(30, 'Comics & Manga', 4),
(31, 'Exercise Equipment', 5),
(32, 'Outdoor Recreation', 5),
(33, 'Team Sports', 5),
(34, 'Cycling', 5),
(35, 'Camping & Hiking', 5),
(36, 'Skincare', 6),
(37, 'Makeup', 6),
(38, 'Hair Care', 6),
(39, 'Fragrances', 6),
(40, 'Personal Care', 6),
(41, 'Action Figures', 7),
(42, 'Board Games', 7),
(43, 'Puzzles', 7),
(44, 'Educational Toys', 7),
(45, 'Video Games', 7),
(46, 'Car Accessories', 8),
(47, 'Motorcycle Accessories', 8),
(48, 'Car Electronics', 8),
(49, 'Vitamins & Supplements', 9),
(50, 'Medical Supplies', 9);

-- Insert Warehouses (50 records)
INSERT INTO Warehouses (warehouse_id, warehouse_name, location) VALUES
(1, 'Dhaka Central Warehouse', 'Dhaka'),
(2, 'Chittagong Port Warehouse', 'Chittagong'),
(3, 'Gazipur Industrial Hub', 'Gazipur'),
(4, 'Narayanganj Textile Center', 'Narayanganj'),
(5, 'Sylhet Tea Distribution', 'Sylhet'),
(6, 'Rajshahi Agricultural Store', 'Rajshahi'),
(7, 'Khulna Logistics Center', 'Khulna'),
(8, 'Barisal Coastal Depot', 'Barisal'),
(9, 'Rangpur Northern Hub', 'Rangpur'),
(10, 'Mymensingh Regional Store', 'Mymensingh'),
(11, 'Dhaka North Warehouse', 'Dhaka'),
(12, 'Dhaka South Warehouse', 'Dhaka'),
(13, 'Dhaka East Warehouse', 'Dhaka'),
(14, 'Dhaka West Warehouse', 'Dhaka'),
(15, 'Uttara Distribution Center', 'Dhaka'),
(16, 'Mirpur Logistics Hub', 'Dhaka'),
(17, 'Mohakhali Storage', 'Dhaka'),
(18, 'Gulshan Premium Store', 'Dhaka'),
(19, 'Banani Electronics Hub', 'Dhaka'),
(20, 'Dhanmondi Fashion Center', 'Dhaka'),
(21, 'Chittagong East Warehouse', 'Chittagong'),
(22, 'Cox''s Bazar Tourism Store', 'Cox''s Bazar'),
(23, 'Comilla Regional Hub', 'Comilla'),
(24, 'Feni Border Warehouse', 'Feni'),
(25, 'Rangamati Hill Store', 'Rangamati'),
(26, 'Sylhet North Warehouse', 'Sylhet'),
(27, 'Moulvibazar Tea Depot', 'Moulvibazar'),
(28, 'Habiganj Distribution', 'Habiganj'),
(29, 'Rajshahi West Warehouse', 'Rajshahi'),
(30, 'Bogra Silk Center', 'Bogra'),
(31, 'Natore Sugar Hub', 'Natore'),
(32, 'Khulna Port Warehouse', 'Khulna'),
(33, 'Jessore Border Store', 'Jessore'),
(34, 'Satkhira Coastal Depot', 'Satkhira'),
(35, 'Barisal River Hub', 'Barisal'),
(36, 'Patuakhali Coastal Store', 'Patuakhali'),
(37, 'Bhola Island Warehouse', 'Bhola'),
(38, 'Rangpur Agricultural Center', 'Rangpur'),
(39, 'Dinajpur Food Hub', 'Dinajpur'),
(40, 'Kurigram Border Store', 'Kurigram'),
(41, 'Mymensingh Agricultural Hub', 'Mymensingh'),
(42, 'Netrokona Lake Store', 'Netrokona'),
(43, 'Jamalpur Distribution', 'Jamalpur'),
(44, 'Tangail Textile Warehouse', 'Tangail'),
(45, 'Manikganj Industrial Store', 'Manikganj'),
(46, 'Munshiganj River Depot', 'Munshiganj'),
(47, 'Faridpur Regional Hub', 'Faridpur'),
(48, 'Madaripur Agricultural Store', 'Madaripur'),
(49, 'Shariatpur Border Warehouse', 'Shariatpur'),
(50, 'Gopalganj Distribution Center', 'Gopalganj');

-- Insert Products (50 records)
INSERT INTO Products (product_id, product_name, description, price, cogs, category_id, seller_id) VALUES
(1, 'iPhone 15 Pro', 'Latest Apple smartphone with A17 chip', 125000.00, 95000.00, 11, 1),
(2, 'Samsung Galaxy S24', 'Premium Android smartphone', 98000.00, 75000.00, 11, 1),
(3, 'Dell XPS 15', 'High-performance laptop', 145000.00, 110000.00, 12, 32),
(4, 'MacBook Air M2', 'Apple laptop with M2 chip', 135000.00, 105000.00, 12, 32),
(5, 'Canon EOS R6', 'Professional mirrorless camera', 285000.00, 220000.00, 13, 27),
(6, 'Sony A7 IV', 'Full-frame mirrorless camera', 295000.00, 230000.00, 13, 27),
(7, 'Sony WH-1000XM5', 'Noise-canceling headphones', 35000.00, 25000.00, 14, 35),
(8, 'Bose QuietComfort 45', 'Premium headphones', 32000.00, 23000.00, 14, 35),
(9, 'Apple Watch Series 9', 'Smart fitness watch', 45000.00, 35000.00, 15, 25),
(10, 'Samsung Galaxy Watch 6', 'Android smartwatch', 38000.00, 29000.00, 15, 25),
(11, 'Men''s Casual Shirt', 'Cotton blend casual shirt', 1500.00, 800.00, 16, 2),
(12, 'Men''s Formal Pants', 'Office wear trousers', 2200.00, 1200.00, 16, 2),
(13, 'Women''s Summer Dress', 'Floral print dress', 2800.00, 1500.00, 17, 17),
(14, 'Women''s Jeans', 'Slim fit denim jeans', 2500.00, 1400.00, 17, 17),
(15, 'Kids T-Shirt Set', 'Pack of 3 colorful t-shirts', 1200.00, 600.00, 18, 8),
(16, 'Kids School Uniform', 'Complete school dress', 1800.00, 1000.00, 18, 8),
(17, 'Nike Running Shoes', 'Comfortable sports shoes', 6500.00, 4000.00, 19, 24),
(18, 'Adidas Sneakers', 'Casual lifestyle shoes', 5500.00, 3500.00, 19, 24),
(19, 'Leather Backpack', 'Premium quality backpack', 4500.00, 2500.00, 20, 26),
(20, 'Travel Suitcase', 'Large capacity luggage', 7500.00, 4500.00, 20, 44),
(21, 'Microwave Oven', '30L convection microwave', 18000.00, 13000.00, 21, 18),
(22, 'Air Fryer', '5L digital air fryer', 8500.00, 5500.00, 21, 18),
(23, 'Dining Table Set', '6-seater wooden table', 35000.00, 22000.00, 22, 9),
(24, 'Office Chair', 'Ergonomic office chair', 12000.00, 7500.00, 22, 9),
(25, 'Wall Clock', 'Decorative wall clock', 1500.00, 800.00, 23, 3),
(26, 'Photo Frame Set', 'Set of 5 frames', 2200.00, 1200.00, 23, 3),
(27, 'Bed Sheet Set', 'King size cotton sheets', 3500.00, 2000.00, 24, 3),
(28, 'Comforter', 'Winter warm comforter', 4500.00, 2800.00, 24, 3),
(29, 'LED Bulb Pack', 'Pack of 10 LED bulbs', 1800.00, 1000.00, 25, 37),
(30, 'Table Lamp', 'Modern design lamp', 2500.00, 1500.00, 25, 37),
(31, 'Harry Potter Collection', 'Complete 7-book set', 4500.00, 2800.00, 26, 4),
(32, 'The Alchemist', 'Bestselling novel', 450.00, 250.00, 26, 4),
(33, 'Thinking Fast and Slow', 'Psychology book', 650.00, 400.00, 27, 4),
(34, 'Sapiens', 'History of humankind', 750.00, 450.00, 27, 4),
(35, 'Engineering Textbook', 'University level textbook', 1200.00, 750.00, 28, 4),
(36, 'Medical Study Guide', 'MBBS preparation book', 1500.00, 900.00, 28, 4),
(37, 'Children Story Books', 'Set of 10 stories', 1800.00, 1000.00, 29, 4),
(38, 'Manga Collection', 'Popular manga series', 2500.00, 1500.00, 30, 4),
(39, 'Dumbbell Set', '20kg adjustable set', 4500.00, 2800.00, 31, 20),
(40, 'Yoga Mat', 'Non-slip exercise mat', 1200.00, 700.00, 31, 20),
(41, 'Cricket Bat', 'Professional grade bat', 5500.00, 3500.00, 33, 5),
(42, 'Football', 'FIFA approved ball', 2200.00, 1400.00, 33, 5),
(43, 'Mountain Bike', '21-speed mountain bike', 28000.00, 18000.00, 34, 39),
(44, 'Camping Tent', '4-person waterproof tent', 8500.00, 5500.00, 35, 41),
(45, 'Face Cream', 'Anti-aging moisturizer', 1500.00, 800.00, 36, 6),
(46, 'Lipstick Set', 'Set of 5 colors', 2200.00, 1200.00, 37, 6),
(47, 'Shampoo & Conditioner', 'Hair care combo', 1800.00, 1000.00, 38, 6),
(48, 'Perfume', 'Premium fragrance 100ml', 4500.00, 2800.00, 39, 6),
(49, 'Vitamin C Tablets', 'Immunity booster 60 tablets', 850.00, 500.00, 49, 10),
(50, 'First Aid Kit', 'Complete medical kit', 1500.00, 900.00, 50, 10);

-- Insert Orders (50 records)
INSERT INTO Orders (order_id, order_date, customer_id, order_status, total_amount) VALUES
(1, '2024-01-15 10:30:00', 1, 'Delivered', 127500.00),
(2, '2024-01-16 14:20:00', 2, 'Delivered', 98000.00),
(3, '2024-01-17 09:15:00', 3, 'Delivered', 145000.00),
(4, '2024-01-18 16:45:00', 4, 'Delivered', 135000.00),
(5, '2024-01-20 11:30:00', 5, 'Delivered', 285000.00),
(6, '2024-01-22 13:00:00', 6, 'Delivered', 35000.00),
(7, '2024-01-25 15:30:00', 7, 'Delivered', 45000.00),
(8, '2024-01-28 10:00:00', 8, 'Delivered', 4500.00),
(9, '2024-02-01 12:30:00', 9, 'Delivered', 7500.00),
(10, '2024-02-03 14:45:00', 10, 'Delivered', 18000.00),
(11, '2024-02-05 09:30:00', 11, 'Delivered', 35000.00),
(12, '2024-02-08 16:00:00', 12, 'Delivered', 12000.00),
(13, '2024-02-10 11:15:00', 13, 'Delivered', 3500.00),
(14, '2024-02-12 13:45:00', 14, 'Delivered', 4500.00),
(15, '2024-02-15 10:30:00', 15, 'Delivered', 5200.00),
(16, '2024-02-18 14:00:00', 16, 'Delivered', 28000.00),
(17, '2024-02-20 15:30:00', 17, 'Delivered', 8500.00),
(18, '2024-02-22 09:45:00', 18, 'Delivered', 6500.00),
(19, '2024-02-25 12:00:00', 19, 'Delivered', 2200.00),
(20, '2024-02-28 16:30:00', 20, 'Delivered', 4500.00),
(21, '2024-03-02 10:15:00', 21, 'Delivered', 1500.00),
(22, '2024-03-05 13:30:00', 22, 'Delivered', 2800.00),
(23, '2024-03-08 11:45:00', 23, 'Delivered', 5500.00),
(24, '2024-03-10 14:20:00', 24, 'Delivered', 7500.00),
(25, '2024-03-12 09:00:00', 25, 'Delivered', 295000.00),
(26, '2024-03-15 15:45:00', 26, 'Shipped', 32000.00),
(27, '2024-03-18 10:30:00', 27, 'Shipped', 38000.00),
(28, '2024-03-20 12:15:00', 28, 'Shipped', 2500.00),
(29, '2024-03-22 14:00:00', 29, 'Shipped', 1200.00),
(30, '2024-03-25 16:45:00', 30, 'Shipped', 1800.00),
(31, '2024-03-28 09:30:00', 31, 'Processing', 4500.00),
(32, '2024-04-01 11:00:00', 32, 'Processing', 8500.00),
(33, '2024-04-03 13:45:00', 33, 'Processing', 2200.00),
(34, '2024-04-05 15:20:00', 34, 'Processing', 1500.00),
(35, '2024-04-08 10:00:00', 35, 'Processing', 2500.00),
(36, '2024-04-10 12:30:00', 36, 'Processing', 1800.00),
(37, '2024-04-12 14:15:00', 37, 'Processing', 4500.00),
(38, '2024-04-15 16:00:00', 38, 'Processing', 650.00),
(39, '2024-04-18 09:45:00', 39, 'Processing', 750.00),
(40, '2024-04-20 11:30:00', 40, 'Pending', 1200.00),
(41, '2024-04-22 13:00:00', 41, 'Pending', 1500.00),
(42, '2024-04-25 15:45:00', 42, 'Pending', 1800.00),
(43, '2024-04-28 10:20:00', 43, 'Pending', 2500.00),
(44, '2024-05-01 12:00:00', 44, 'Pending', 4500.00),
(45, '2024-05-03 14:30:00', 45, 'Pending', 1200.00),
(46, '2024-05-05 16:15:00', 46, 'Pending', 5500.00),
(47, '2024-05-08 09:00:00', 47, 'Cancelled', 2200.00),
(48, '2024-05-10 11:45:00', 48, 'Cancelled', 28000.00),
(49, '2024-05-12 13:30:00', 49, 'Cancelled', 8500.00),
(50, '2024-05-15 15:00:00', 50, 'Cancelled', 850.00);

-- Insert Order_Items (50 records)
INSERT INTO Order_Items (order_item_id, order_id, product_id, quantity, unit_price, line_total) VALUES
(1, 1, 1, 1, 125000.00, 125000.00),
(2, 1, 45, 1, 1500.00, 1500.00),
(3, 1, 29, 1, 1000.00, 1000.00),
(4, 2, 2, 1, 98000.00, 98000.00),
(5, 3, 3, 1, 145000.00, 145000.00),
(6, 4, 4, 1, 135000.00, 135000.00),
(7, 5, 5, 1, 285000.00, 285000.00),
(8, 6, 7, 1, 35000.00, 35000.00),
(9, 7, 9, 1, 45000.00, 45000.00),
(10, 8, 19, 1, 4500.00, 4500.00),
(11, 9, 20, 1, 7500.00, 7500.00),
(12, 10, 21, 1, 18000.00, 18000.00),
(13, 11, 23, 1, 35000.00, 35000.00),
(14, 12, 24, 1, 12000.00, 12000.00),
(15, 13, 27, 1, 3500.00, 3500.00),
(16, 14, 28, 1, 4500.00, 4500.00),
(17, 15, 29, 2, 1800.00, 3600.00),
(18, 15, 30, 1, 2500.00, 2500.00),
(19, 15, 25, 1, 1500.00, 1500.00),
(20, 16, 43, 1, 28000.00, 28000.00),
(21, 17, 44, 1, 8500.00, 8500.00),
(22, 18, 17, 1, 6500.00, 6500.00),
(23, 19, 42, 1, 2200.00, 2200.00),
(24, 20, 31, 1, 4500.00, 4500.00),
(25, 21, 25, 1, 1500.00, 1500.00),
(26, 22, 13, 1, 2800.00, 2800.00),
(27, 23, 18, 1, 5500.00, 5500.00),
(28, 24, 20, 1, 7500.00, 7500.00),
(29, 25, 6, 1, 295000.00, 295000.00),
(30, 26, 8, 1, 32000.00, 32000.00),
(31, 27, 10, 1, 38000.00, 38000.00),
(32, 28, 14, 1, 2500.00, 2500.00),
(33, 29, 15, 1, 1200.00, 1200.00),
(34, 30, 16, 1, 1800.00, 1800.00),
(35, 31, 31, 1, 4500.00, 4500.00),
(36, 32, 22, 1, 8500.00, 8500.00),
(37, 33, 46, 1, 2200.00, 2200.00),
(38, 34, 45, 1, 1500.00, 1500.00),
(39, 35, 30, 1, 2500.00, 2500.00),
(40, 36, 29, 1, 1800.00, 1800.00),
(41, 37, 39, 1, 4500.00, 4500.00),
(42, 38, 33, 1, 650.00, 650.00),
(43, 39, 34, 1, 750.00, 750.00),
(44, 40, 35, 1, 1200.00, 1200.00),
(45, 41, 36, 1, 1500.00, 1500.00),
(46, 42, 37, 1, 1800.00, 1800.00),
(47, 43, 38, 1, 2500.00, 2500.00),
(48, 44, 39, 1, 4500.00, 4500.00),
(49, 45, 40, 1, 1200.00, 1200.00),
(50, 46, 41, 1, 5500.00, 5500.00);

-- Insert Payments (30 records)
INSERT INTO Payments (payment_id, order_id, payment_date, payment_method, payment_status, amount) VALUES
(1, 1, '2024-01-15 10:35:00', 'Credit Card', 'Completed', 127500.00),
(2, 2, '2024-01-16 14:25:00', 'bKash', 'Completed', 98000.00),
(3, 3, '2024-01-17 09:20:00', 'Nagad', 'Completed', 145000.00),
(4, 4, '2024-01-18 16:50:00', 'Credit Card', 'Completed', 135000.00),
(5, 5, '2024-01-20 11:35:00', 'Bank Transfer', 'Completed', 285000.00),
(6, 6, '2024-01-22 13:05:00', 'bKash', 'Completed', 35000.00),
(7, 7, '2024-01-25 15:35:00', 'Rocket', 'Completed', 45000.00),
(8, 8, '2024-01-28 10:05:00', 'Cash on Delivery', 'Completed', 4500.00),
(9, 9, '2024-02-01 12:35:00', 'bKash', 'Completed', 7500.00),
(10, 10, '2024-02-03 14:50:00', 'Nagad', 'Completed', 18000.00),
(11, 11, '2024-02-05 09:35:00', 'Credit Card', 'Completed', 35000.00),
(12, 12, '2024-02-08 16:05:00', 'bKash', 'Completed', 12000.00),
(13, 13, '2024-02-10 11:20:00', 'Cash on Delivery', 'Completed', 3500.00),
(14, 14, '2024-02-12 13:50:00', 'Rocket', 'Completed', 4500.00),
(15, 15, '2024-02-15 10:35:00', 'bKash', 'Completed', 5200.00),
(16, 16, '2024-02-18 14:05:00', 'Bank Transfer', 'Completed', 28000.00),
(17, 17, '2024-02-20 15:35:00', 'Nagad', 'Completed', 8500.00),
(18, 18, '2024-02-22 09:50:00', 'bKash', 'Completed', 6500.00),
(19, 19, '2024-02-25 12:05:00', 'Cash on Delivery', 'Completed', 2200.00),
(20, 20, '2024-02-28 16:35:00', 'Credit Card', 'Completed', 4500.00),
(21, 21, '2024-03-02 10:20:00', 'bKash', 'Completed', 1500.00),
(22, 22, '2024-03-05 13:35:00', 'Nagad', 'Completed', 2800.00),
(23, 23, '2024-03-08 11:50:00', 'Rocket', 'Completed', 5500.00),
(24, 24, '2024-03-10 14:25:00', 'bKash', 'Completed', 7500.00),
(25, 25, '2024-03-12 09:05:00', 'Bank Transfer', 'Completed', 295000.00),
(26, 26, '2024-03-15 15:50:00', 'Credit Card', 'Pending', 32000.00),
(27, 27, '2024-03-18 10:35:00', 'bKash', 'Pending', 38000.00),
(28, 28, '2024-03-20 12:20:00', 'Nagad', 'Pending', 2500.00),
(29, 29, '2024-03-22 14:05:00', 'Cash on Delivery', 'Pending', 1200.00),
(30, 30, '2024-03-25 16:50:00', 'bKash', 'Pending', 1800.00);

-- Insert Shipping (30 records)
INSERT INTO Shipping (shipping_id, order_id, shipping_date, estimated_delivery, actual_delivery, delivery_status, tracking_number) VALUES
(1, 1, '2024-01-16', '2024-01-20', '2024-01-19', 'Delivered', 'TRK1001'),
(2, 2, '2024-01-17', '2024-01-22', '2024-01-21', 'Delivered', 'TRK1002'),
(3, 3, '2024-01-18', '2024-01-23', '2024-01-22', 'Delivered', 'TRK1003'),
(4, 4, '2024-01-19', '2024-01-24', '2024-01-23', 'Delivered', 'TRK1004'),
(5, 5, '2024-01-21', '2024-01-26', '2024-01-25', 'Delivered', 'TRK1005'),
(6, 6, '2024-01-23', '2024-01-28', '2024-01-27', 'Delivered', 'TRK1006'),
(7, 7, '2024-01-26', '2024-01-31', '2024-01-30', 'Delivered', 'TRK1007'),
(8, 8, '2024-01-29', '2024-02-03', '2024-02-02', 'Delivered', 'TRK1008'),
(9, 9, '2024-02-02', '2024-02-07', '2024-02-06', 'Delivered', 'TRK1009'),
(10, 10, '2024-02-04', '2024-02-09', '2024-02-08', 'Delivered', 'TRK1010'),
(11, 11, '2024-02-06', '2024-02-11', '2024-02-10', 'Delivered', 'TRK1011'),
(12, 12, '2024-02-09', '2024-02-14', '2024-02-13', 'Delivered', 'TRK1012'),
(13, 13, '2024-02-11', '2024-02-16', '2024-02-15', 'Delivered', 'TRK1013'),
(14, 14, '2024-02-13', '2024-02-18', '2024-02-17', 'Delivered', 'TRK1014'),
(15, 15, '2024-02-16', '2024-02-21', '2024-02-20', 'Delivered', 'TRK1015'),
(16, 16, '2024-02-19', '2024-02-24', '2024-02-23', 'Delivered', 'TRK1016'),
(17, 17, '2024-02-21', '2024-02-26', '2024-02-25', 'Delivered', 'TRK1017'),
(18, 18, '2024-02-23', '2024-02-28', '2024-02-27', 'Delivered', 'TRK1018'),
(19, 19, '2024-02-26', '2024-03-02', '2024-03-01', 'Delivered', 'TRK1019'),
(20, 20, '2024-02-29', '2024-03-05', '2024-03-04', 'Delivered', 'TRK1020'),
(21, 21, '2024-03-03', '2024-03-08', '2024-03-07', 'Delivered', 'TRK1021'),
(22, 22, '2024-03-06', '2024-03-11', '2024-03-10', 'Delivered', 'TRK1022'),
(23, 23, '2024-03-09', '2024-03-14', '2024-03-13', 'Delivered', 'TRK1023'),
(24, 24, '2024-03-11', '2024-03-16', '2024-03-15', 'Delivered', 'TRK1024'),
(25, 25, '2024-03-13', '2024-03-18', '2024-03-17', 'Delivered', 'TRK1025'),
(26, 26, '2024-03-16', '2024-03-21', NULL, 'In Transit', 'TRK1026'),
(27, 27, '2024-03-19', '2024-03-24', NULL, 'In Transit', 'TRK1027'),
(28, 28, '2024-03-21', '2024-03-26', NULL, 'In Transit', 'TRK1028'),
(29, 29, '2024-03-23', '2024-03-28', NULL, 'Pending', 'TRK1029'),
(30, 30, '2024-03-26', '2024-03-31', NULL, 'Pending', 'TRK1030');

-- Insert Returns (30 records)
INSERT INTO Returns (return_id, order_item_id, return_reason, return_status, return_date, refund_amount, refund_method) VALUES
(1, 2, 'Product damaged during shipping', 'Approved', '2024-01-25', 1500.00, 'bKash'),
(2, 8, 'Wrong product delivered', 'Approved', '2024-02-01', 35000.00, 'Credit Card'),
(3, 10, 'Product not as described', 'Approved', '2024-02-10', 4500.00, 'Cash Refund'),
(4, 13, 'Changed mind', 'Rejected', '2024-02-20', 0.00, NULL),
(5, 15, 'Quality issues', 'Approved', '2024-02-25', 3500.00, 'bKash'),
(6, 17, 'Defective product', 'Approved', '2024-03-02', 3600.00, 'Nagad'),
(7, 19, 'Size not suitable', 'Processing', '2024-03-08', NULL, NULL),
(8, 22, 'Product arrived late', 'Rejected', '2024-03-12', 0.00, NULL),
(9, 24, 'Wrong color received', 'Approved', '2024-03-15', 4500.00, 'Bank Transfer'),
(10, 26, 'Product damaged', 'Approved', '2024-03-18', 2800.00, 'bKash'),
(11, 28, 'Not satisfied with quality', 'Processing', '2024-03-22', NULL, NULL),
(12, 30, 'Received used product', 'Approved', '2024-03-25', 32000.00, 'Credit Card'),
(13, 32, 'Wrong size', 'Processing', '2024-03-28', NULL, NULL),
(14, 34, 'Better price found elsewhere', 'Rejected', '2024-04-01', 0.00, NULL),
(15, 36, 'Product defective', 'Approved', '2024-04-05', 8500.00, 'Rocket'),
(16, 38, 'Packaging damaged', 'Processing', '2024-04-08', NULL, NULL),
(17, 40, 'Changed mind', 'Rejected', '2024-04-12', 0.00, NULL),
(18, 42, 'Book pages torn', 'Approved', '2024-04-15', 650.00, 'bKash'),
(19, 44, 'Wrong edition', 'Processing', '2024-04-18', NULL, NULL),
(20, 46, 'Product quality poor', 'Approved', '2024-04-22', 1800.00, 'Nagad'),
(21, 48, 'Product expired', 'Approved', '2024-04-25', 4500.00, 'bKash'),
(22, 3, 'Wrong specifications', 'Rejected', '2024-01-30', 0.00, NULL),
(23, 5, 'Better alternative found', 'Rejected', '2024-02-05', 0.00, NULL),
(24, 7, 'Camera lens defect', 'Approved', '2024-02-08', 285000.00, 'Bank Transfer'),
(25, 11, 'Handle broken', 'Approved', '2024-02-15', 7500.00, 'Cash Refund'),
(26, 14, 'Button not working', 'Processing', '2024-02-18', NULL, NULL),
(27, 16, 'Thread loose', 'Approved', '2024-02-22', 4500.00, 'bKash'),
(28, 20, 'Wheel damaged', 'Approved', '2024-03-05', 28000.00, 'Credit Card'),
(29, 23, 'Wrong flavor', 'Processing', '2024-03-10', NULL, NULL),
(30, 25, 'Broken frame', 'Approved', '2024-03-14', 1500.00, 'Rocket');

-- Insert Inventory (30 records)
INSERT INTO Inventory (inventory_id, product_id, warehouse_id, stock_remaining, restock_date, min_stock_level) VALUES
(1, 1, 1, 45, '2024-02-01', 20),
(2, 2, 1, 67, '2024-02-05', 25),
(3, 3, 2, 34, '2024-02-10', 15),
(4, 4, 2, 28, '2024-02-12', 10),
(5, 5, 3, 12, '2024-02-15', 5),
(6, 6, 3, 8, '2024-02-18', 5),
(7, 7, 1, 89, '2024-02-20', 30),
(8, 8, 1, 76, '2024-02-22', 25),
(9, 9, 4, 54, '2024-02-25', 20),
(10, 10, 4, 63, '2024-02-28', 20),
(11, 11, 5, 234, '2024-03-01', 100),
(12, 12, 5, 198, '2024-03-03', 80),
(13, 13, 6, 176, '2024-03-05', 70),
(14, 14, 6, 145, '2024-03-08', 60),
(15, 15, 7, 289, '2024-03-10', 120),
(16, 16, 7, 267, '2024-03-12', 100),
(17, 17, 8, 87, '2024-03-15', 35),
(18, 18, 8, 93, '2024-03-18', 40),
(19, 19, 9, 65, '2024-03-20', 25),
(20, 20, 9, 43, '2024-03-22', 20),
(21, 21, 10, 78, '2024-03-25', 30),
(22, 22, 10, 92, '2024-03-28', 35),
(23, 23, 11, 23, '2024-04-01', 10),
(24, 24, 11, 56, '2024-04-03', 20),
(25, 25, 12, 345, '2024-04-05', 150),
(26, 26, 12, 278, '2024-04-08', 120),
(27, 27, 13, 167, '2024-04-10', 70),
(28, 28, 13, 134, '2024-04-12', 60),
(29, 29, 14, 456, '2024-04-15', 200),
(30, 30, 14, 189, '2024-04-18', 80)

INSERT INTO Orders (order_id, order_date, customer_id, order_status, total_amount) VALUES
(151, '2024-07-01 09:15:00', 1, 'Delivered', 125000.00),
(152, '2024-07-01 11:30:00', 5, 'Delivered', 45000.00),
(153, '2024-07-01 14:20:00', 12, 'Delivered', 18000.00),
(154, '2024-07-01 16:45:00', 18, 'Delivered', 6500.00),
(155, '2024-07-02 08:30:00', 3, 'Delivered', 145000.00),
(156, '2024-07-02 10:15:00', 7, 'Delivered', 35000.00),
(157, '2024-07-02 12:45:00', 15, 'Delivered', 8500.00),
(158, '2024-07-02 15:00:00', 22, 'Delivered', 2800.00),
(159, '2024-07-02 17:30:00', 28, 'Delivered', 4500.00),
(160, '2024-07-03 09:00:00', 2, 'Delivered', 98000.00),
(161, '2024-07-03 11:20:00', 9, 'Delivered', 7500.00),
(162, '2024-07-03 13:40:00', 16, 'Delivered', 28000.00),
(163, '2024-07-03 16:10:00', 25, 'Delivered', 295000.00),
(164, '2024-07-04 10:30:00', 4, 'Delivered', 135000.00),
(165, '2024-07-04 14:15:00', 11, 'Delivered', 12000.00),
(166, '2024-07-04 17:00:00', 19, 'Delivered', 5500.00),
(167, '2024-07-05 08:45:00', 6, 'Delivered', 32000.00),
(168, '2024-07-05 10:30:00', 13, 'Delivered', 3500.00),
(169, '2024-07-05 12:15:00', 20, 'Delivered', 4500.00),
(170, '2024-07-05 14:50:00', 27, 'Delivered', 38000.00),
(171, '2024-07-05 16:30:00', 34, 'Delivered', 2200.00),
(172, '2024-07-06 09:20:00', 8, 'Delivered', 4500.00),
(173, '2024-07-06 11:45:00', 14, 'Delivered', 4500.00),
(174, '2024-07-06 14:10:00', 21, 'Delivered', 1500.00),
(175, '2024-07-06 16:50:00', 29, 'Delivered', 1800.00),
(176, '2024-07-07 10:00:00', 10, 'Delivered', 18000.00),
(177, '2024-07-07 13:30:00', 17, 'Delivered', 8500.00),
(178, '2024-07-07 16:15:00', 24, 'Delivered', 7500.00),
(179, '2024-07-08 08:30:00', 1, 'Delivered', 285000.00),
(180, '2024-07-08 10:45:00', 5, 'Delivered', 35000.00),
(181, '2024-07-08 12:30:00', 12, 'Delivered', 12000.00),
(182, '2024-07-08 15:00:00', 18, 'Delivered', 6500.00),
(183, '2024-07-08 17:20:00', 26, 'Delivered', 1500.00),
(184, '2024-07-09 09:15:00', 3, 'Delivered', 145000.00),
(185, '2024-07-09 11:30:00', 9, 'Delivered', 7500.00),
(186, '2024-07-09 14:00:00', 15, 'Delivered', 2500.00),
(187, '2024-07-09 16:45:00', 23, 'Delivered', 5500.00),
(188, '2024-07-10 08:50:00', 2, 'Shipped', 98000.00),
(189, '2024-07-10 11:10:00', 7, 'Shipped', 45000.00),
(190, '2024-07-10 13:40:00', 14, 'Shipped', 4500.00);

INSERT INTO Order_Items (order_item_id, order_id, product_id, quantity, unit_price, line_total) VALUES
(151, 151, 1, 1, 125000.00, 125000.00),
(152, 152, 9, 1, 45000.00, 45000.00),
(153, 153, 21, 1, 18000.00, 18000.00),
(154, 154, 17, 1, 6500.00, 6500.00),
(155, 155, 3, 1, 145000.00, 145000.00),
(156, 156, 7, 1, 35000.00, 35000.00),
(157, 157, 22, 1, 8500.00, 8500.00),
(158, 158, 13, 1, 2800.00, 2800.00),
(159, 159, 19, 1, 4500.00, 4500.00),
(160, 160, 2, 1, 98000.00, 98000.00),
(161, 161, 20, 1, 7500.00, 7500.00),
(162, 162, 43, 1, 28000.00, 28000.00),
(163, 163, 6, 1, 295000.00, 295000.00),
(164, 164, 4, 1, 135000.00, 135000.00),
(165, 165, 24, 1, 12000.00, 12000.00),
(166, 166, 18, 1, 5500.00, 5500.00),
(167, 167, 8, 1, 32000.00, 32000.00),
(168, 168, 27, 1, 3500.00, 3500.00),
(169, 169, 31, 1, 4500.00, 4500.00),
(170, 170, 10, 1, 38000.00, 38000.00),
(171, 171, 46, 1, 2200.00, 2200.00),
(172, 172, 19, 1, 4500.00, 4500.00),
(173, 173, 28, 1, 4500.00, 4500.00),
(174, 174, 25, 1, 1500.00, 1500.00),
(175, 175, 16, 1, 1800.00, 1800.00),
(176, 176, 21, 1, 18000.00, 18000.00),
(177, 177, 44, 1, 8500.00, 8500.00),
(178, 178, 20, 1, 7500.00, 7500.00),
(179, 179, 5, 1, 285000.00, 285000.00),
(180, 180, 7, 1, 35000.00, 35000.00),
(181, 181, 24, 1, 12000.00, 12000.00),
(182, 182, 17, 1, 6500.00, 6500.00),
(183, 183, 45, 1, 1500.00, 1500.00),
(184, 184, 3, 1, 145000.00, 145000.00),
(185, 185, 20, 1, 7500.00, 7500.00),
(186, 186, 14, 1, 2500.00, 2500.00),
(187, 187, 18, 1, 5500.00, 5500.00),
(188, 188, 2, 1, 98000.00, 98000.00),
(189, 189, 9, 1, 45000.00, 45000.00),
(190, 190, 28, 1, 4500.00, 4500.00);

INSERT INTO Payments (payment_id, order_id, payment_date, payment_method, payment_status, amount) VALUES
(131, 151, '2024-07-01 09:20:00', 'bKash', 'Completed', 125000.00),
(132, 152, '2024-07-01 11:35:00', 'Nagad', 'Completed', 45000.00),
(133, 153, '2024-07-01 14:25:00', 'Credit Card', 'Completed', 18000.00),
(134, 154, '2024-07-01 16:50:00', 'bKash', 'Completed', 6500.00),
(135, 155, '2024-07-02 08:35:00', 'Bank Transfer', 'Completed', 145000.00),
(136, 156, '2024-07-02 10:20:00', 'Rocket', 'Completed', 35000.00),
(137, 157, '2024-07-02 12:50:00', 'bKash', 'Completed', 8500.00),
(138, 158, '2024-07-02 15:05:00', 'Cash on Delivery', 'Completed', 2800.00),
(139, 159, '2024-07-02 17:35:00', 'Nagad', 'Completed', 4500.00),
(140, 160, '2024-07-03 09:05:00', 'Credit Card', 'Completed', 98000.00),
(141, 161, '2024-07-03 11:25:00', 'bKash', 'Completed', 7500.00),
(142, 162, '2024-07-03 13:45:00', 'Bank Transfer', 'Completed', 28000.00),
(143, 163, '2024-07-03 16:15:00', 'Credit Card', 'Completed', 295000.00),
(144, 164, '2024-07-04 10:35:00', 'bKash', 'Completed', 135000.00),
(145, 165, '2024-07-04 14:20:00', 'Nagad', 'Completed', 12000.00),
(146, 166, '2024-07-04 17:05:00', 'Rocket', 'Completed', 5500.00),
(147, 167, '2024-07-05 08:50:00', 'Credit Card', 'Completed', 32000.00),
(148, 168, '2024-07-05 10:35:00', 'Cash on Delivery', 'Completed', 3500.00),
(149, 169, '2024-07-05 12:20:00', 'bKash', 'Completed', 4500.00),
(150, 170, '2024-07-05 14:55:00', 'Bank Transfer', 'Completed', 38000.00),
(151, 171, '2024-07-05 16:35:00', 'Nagad', 'Completed', 2200.00),
(152, 172, '2024-07-06 09:25:00', 'bKash', 'Completed', 4500.00),
(153, 173, '2024-07-06 11:50:00', 'Rocket', 'Completed', 4500.00),
(154, 174, '2024-07-06 14:15:00', 'Cash on Delivery', 'Completed', 1500.00),
(155, 175, '2024-07-06 16:55:00', 'Nagad', 'Completed', 1800.00),
(156, 176, '2024-07-07 10:05:00', 'Credit Card', 'Completed', 18000.00),
(157, 177, '2024-07-07 13:35:00', 'bKash', 'Completed', 8500.00),
(158, 178, '2024-07-07 16:20:00', 'Bank Transfer', 'Completed', 7500.00),
(159, 179, '2024-07-08 08:35:00', 'Credit Card', 'Completed', 285000.00),
(160, 180, '2024-07-08 10:50:00', 'Rocket', 'Completed', 35000.00),
(161, 181, '2024-07-08 12:35:00', 'bKash', 'Completed', 12000.00),
(162, 182, '2024-07-08 15:05:00', 'Nagad', 'Completed', 6500.00),
(163, 183, '2024-07-08 17:25:00', 'Cash on Delivery', 'Completed', 1500.00),
(164, 184, '2024-07-09 09:20:00', 'Bank Transfer', 'Completed', 145000.00),
(165, 185, '2024-07-09 11:35:00', 'bKash', 'Completed', 7500.00),
(166, 186, '2024-07-09 14:05:00', 'Credit Card', 'Completed', 2500.00),
(167, 187, '2024-07-09 16:50:00', 'Nagad', 'Completed', 5500.00),
(168, 188, '2024-07-10 08:55:00', 'bKash', 'Pending', 98000.00),
(169, 189, '2024-07-10 11:15:00', 'Credit Card', 'Pending', 45000.00),
(170, 190, '2024-07-10 13:45:00', 'Rocket', 'Pending', 4500.00);

INSERT INTO Shipping (shipping_id, order_id, shipping_date, estimated_delivery, actual_delivery, delivery_status, tracking_number) VALUES
(31, 151, '2024-07-02', '2024-07-07', '2024-07-06', 'Delivered', 'TRK2001'),
(32, 152, '2024-07-02', '2024-07-07', '2024-07-06', 'Delivered', 'TRK2002'),
(33, 153, '2024-07-02', '2024-07-07', '2024-07-06', 'Delivered', 'TRK2003'),
(34, 154, '2024-07-02', '2024-07-07', '2024-07-06', 'Delivered', 'TRK2004'),
(35, 155, '2024-07-03', '2024-07-08', '2024-07-07', 'Delivered', 'TRK2005'),
(36, 156, '2024-07-03', '2024-07-08', '2024-07-07', 'Delivered', 'TRK2006'),
(37, 157, '2024-07-03', '2024-07-08', '2024-07-07', 'Delivered', 'TRK2007'),
(38, 158, '2024-07-03', '2024-07-08', '2024-07-07', 'Delivered', 'TRK2008'),
(39, 159, '2024-07-03', '2024-07-08', '2024-07-08', 'Delivered', 'TRK2009'),
(40, 160, '2024-07-04', '2024-07-09', '2024-07-08', 'Delivered', 'TRK2010'),
(41, 161, '2024-07-04', '2024-07-09', '2024-07-08', 'Delivered', 'TRK2011'),
(42, 162, '2024-07-04', '2024-07-09', '2024-07-09', 'Delivered', 'TRK2012'),
(43, 163, '2024-07-04', '2024-07-09', '2024-07-09', 'Delivered', 'TRK2013'),
(44, 164, '2024-07-05', '2024-07-10', '2024-07-09', 'Delivered', 'TRK2014'),
(45, 165, '2024-07-05', '2024-07-10', '2024-07-10', 'Delivered', 'TRK2015'),
(46, 166, '2024-07-05', '2024-07-10', '2024-07-10', 'Delivered', 'TRK2016'),
(47, 167, '2024-07-06', '2024-07-11', '2024-07-10', 'Delivered', 'TRK2017'),
(48, 168, '2024-07-06', '2024-07-11', '2024-07-11', 'Delivered', 'TRK2018'),
(49, 169, '2024-07-06', '2024-07-11', '2024-07-11', 'Delivered', 'TRK2019'),
(50, 170, '2024-07-06', '2024-07-11', '2024-07-11', 'Delivered', 'TRK2020'),
(51, 171, '2024-07-06', '2024-07-11', '2024-07-11', 'Delivered', 'TRK2021'),
(52, 172, '2024-07-07', '2024-07-12', '2024-07-11', 'Delivered', 'TRK2022'),
(53, 173, '2024-07-07', '2024-07-12', '2024-07-12', 'Delivered', 'TRK2023'),
(54, 174, '2024-07-07', '2024-07-12', '2024-07-12', 'Delivered', 'TRK2024'),
(55, 175, '2024-07-07', '2024-07-12', '2024-07-12', 'Delivered', 'TRK2025'),
(56, 176, '2024-07-08', '2024-07-13', '2024-07-12', 'Delivered', 'TRK2026'),
(57, 177, '2024-07-08', '2024-07-13', '2024-07-13', 'Delivered', 'TRK2027'),
(58, 178, '2024-07-08', '2024-07-13', '2024-07-13', 'Delivered', 'TRK2028'),
(59, 179, '2024-07-09', '2024-07-14', '2024-07-13', 'Delivered', 'TRK2029'),
(60, 180, '2024-07-09', '2024-07-14', '2024-07-14', 'Delivered', 'TRK2030'),
(61, 181, '2024-07-09', '2024-07-14', '2024-07-14', 'Delivered', 'TRK2031'),
(62, 182, '2024-07-09', '2024-07-14', '2024-07-14', 'Delivered', 'TRK2032'),
(63, 183, '2024-07-09', '2024-07-14', '2024-07-14', 'Delivered', 'TRK2033'),
(64, 184, '2024-07-10', '2024-07-15', '2024-07-14', 'Delivered', 'TRK2034'),
(65, 185, '2024-07-10', '2024-07-15', '2024-07-15', 'Delivered', 'TRK2035'),
(66, 186, '2024-07-10', '2024-07-15', '2024-07-15', 'Delivered', 'TRK2036'),
(67, 187, '2024-07-10', '2024-07-15', '2024-07-15', 'Delivered', 'TRK2037'),
(68, 188, '2024-07-11', '2024-07-16', NULL, 'In Transit', 'TRK2038'),
(69, 189, '2024-07-11', '2024-07-16', NULL, 'In Transit', 'TRK2039'),
(70, 190, '2024-07-11', '2024-07-16', NULL, 'In Transit', 'TRK2040');

INSERT INTO Orders (order_id, order_date, customer_id, order_status, total_amount) VALUES
(191, '2023-08-15 10:30:00', 1, 'Delivered', 125000.00),
(192, '2023-08-15 14:20:00', 8, 'Delivered', 28000.00),
(193, '2023-08-22 09:15:00', 15, 'Delivered', 8500.00),
(194, '2023-09-05 11:40:00', 3, 'Delivered', 145000.00),
(195, '2023-09-05 15:30:00', 12, 'Delivered', 12000.00),
(196, '2023-09-18 13:20:00', 22, 'Delivered', 2800.00),
(197, '2023-09-18 16:45:00', 28, 'Delivered', 4500.00),
(198, '2023-10-03 10:00:00', 5, 'Delivered', 285000.00),
(199, '2023-10-10 14:30:00', 19, 'Delivered', 5500.00),
(200, '2023-10-25 09:45:00', 7, 'Delivered', 35000.00),
(201, '2023-10-25 12:15:00', 14, 'Delivered', 4500.00),
(202, '2023-11-08 11:20:00', 2, 'Delivered', 98000.00),
(203, '2023-11-08 15:50:00', 9, 'Delivered', 7500.00),
(204, '2023-11-08 17:30:00', 16, 'Delivered', 28000.00),
(205, '2023-11-20 10:30:00', 25, 'Delivered', 295000.00),
(206, '2023-12-05 13:40:00', 4, 'Delivered', 135000.00),
(207, '2023-12-05 16:20:00', 11, 'Delivered', 35000.00),
(208, '2023-12-18 09:30:00', 18, 'Delivered', 6500.00),
(209, '2023-12-18 14:00:00', 23, 'Delivered', 5500.00),
(210, '2023-12-28 11:15:00', 6, 'Delivered', 32000.00),
(211, '2024-08-12 10:20:00', 13, 'Delivered', 3500.00),
(212, '2024-08-12 13:45:00', 20, 'Delivered', 4500.00),
(213, '2024-08-25 15:30:00', 27, 'Delivered', 38000.00),
(214, '2024-09-03 09:50:00', 10, 'Delivered', 18000.00),
(215, '2024-09-03 12:30:00', 17, 'Delivered', 8500.00),
(216, '2024-09-15 14:10:00', 24, 'Delivered', 7500.00),
(217, '2024-09-15 16:40:00', 31, 'Delivered', 4500.00),
(218, '2024-09-15 18:20:00', 38, 'Delivered', 650.00),
(219, '2024-10-02 11:00:00', 1, 'Delivered', 125000.00),
(220, '2024-10-08 13:30:00', 5, 'Delivered', 45000.00),
(221, '2024-10-08 15:45:00', 12, 'Delivered', 12000.00),
(222, '2024-10-20 10:15:00', 21, 'Delivered', 1500.00),
(223, '2024-11-01 14:25:00', 3, 'Delivered', 145000.00),
(224, '2024-11-01 17:00:00', 9, 'Delivered', 7500.00),
(225, '2024-11-14 09:30:00', 15, 'Delivered', 2500.00),
(226, '2024-11-22 12:40:00', 22, 'Delivered', 2800.00),
(227, '2024-11-22 15:10:00', 28, 'Delivered', 4500.00),
(228, '2024-12-05 11:20:00', 2, 'Delivered', 98000.00),
(229, '2024-12-10 13:50:00', 7, 'Shipped', 35000.00),
(230, '2024-12-10 16:30:00', 14, 'Shipped', 4500.00),
(231, '2024-12-18 10:00:00', 19, 'Processing', 2200.00),
(232, '2024-12-22 14:15:00', 26, 'Processing', 1500.00),
(233, '2024-12-22 17:45:00', 33, 'Processing', 2200.00),
(234, '2025-01-05 09:40:00', 4, 'Pending', 135000.00),
(235, '2025-01-05 12:20:00', 11, 'Pending', 35000.00),
(236, '2025-01-15 15:30:00', 18, 'Pending', 6500.00),
(237, '2025-01-28 11:10:00', 25, 'Pending', 295000.00),
(238, '2025-02-08 13:25:00', 8, 'Pending', 28000.00),
(239, '2025-02-08 16:50:00', 16, 'Pending', 28000.00),
(240, '2025-02-20 10:45:00', 23, 'Pending', 5500.00);

INSERT INTO Order_Items (order_item_id, order_id, product_id, quantity, unit_price, line_total) VALUES
(191, 191, 1, 1, 125000.00, 125000.00),
(192, 192, 43, 1, 28000.00, 28000.00),
(193, 193, 22, 1, 8500.00, 8500.00),
(194, 194, 3, 1, 145000.00, 145000.00),
(195, 195, 24, 1, 12000.00, 12000.00),
(196, 196, 13, 1, 2800.00, 2800.00),
(197, 197, 19, 1, 4500.00, 4500.00),
(198, 198, 5, 1, 285000.00, 285000.00),
(199, 199, 18, 1, 5500.00, 5500.00),
(200, 200, 7, 1, 35000.00, 35000.00),
(201, 201, 28, 1, 4500.00, 4500.00),
(202, 202, 2, 1, 98000.00, 98000.00),
(203, 203, 20, 1, 7500.00, 7500.00),
(204, 204, 43, 1, 28000.00, 28000.00),
(205, 205, 6, 1, 295000.00, 295000.00),
(206, 206, 4, 1, 135000.00, 135000.00),
(207, 207, 7, 1, 35000.00, 35000.00),
(208, 208, 17, 1, 6500.00, 6500.00),
(209, 209, 18, 1, 5500.00, 5500.00),
(210, 210, 8, 1, 32000.00, 32000.00),
(211, 211, 27, 1, 3500.00, 3500.00),
(212, 212, 31, 1, 4500.00, 4500.00),
(213, 213, 10, 1, 38000.00, 38000.00),
(214, 214, 21, 1, 18000.00, 18000.00),
(215, 215, 44, 1, 8500.00, 8500.00),
(216, 216, 20, 1, 7500.00, 7500.00),
(217, 217, 39, 1, 4500.00, 4500.00),
(218, 218, 33, 1, 650.00, 650.00),
(219, 219, 1, 1, 125000.00, 125000.00),
(220, 220, 9, 1, 45000.00, 45000.00),
(221, 221, 24, 1, 12000.00, 12000.00),
(222, 222, 25, 1, 1500.00, 1500.00),
(223, 223, 3, 1, 145000.00, 145000.00),
(224, 224, 20, 1, 7500.00, 7500.00),
(225, 225, 14, 1, 2500.00, 2500.00),
(226, 226, 13, 1, 2800.00, 2800.00),
(227, 227, 19, 1, 4500.00, 4500.00),
(228, 228, 2, 1, 98000.00, 98000.00),
(229, 229, 7, 1, 35000.00, 35000.00),
(230, 230, 28, 1, 4500.00, 4500.00),
(231, 231, 42, 1, 2200.00, 2200.00),
(232, 232, 45, 1, 1500.00, 1500.00),
(233, 233, 46, 1, 2200.00, 2200.00),
(234, 234, 4, 1, 135000.00, 135000.00),
(235, 235, 7, 1, 35000.00, 35000.00),
(236, 236, 17, 1, 6500.00, 6500.00),
(237, 237, 6, 1, 295000.00, 295000.00),
(238, 238, 43, 1, 28000.00, 28000.00),
(239, 239, 43, 1, 28000.00, 28000.00),
(240, 240, 18, 1, 5500.00, 5500.00);

INSERT INTO Payments (payment_id, order_id, payment_date, payment_method, payment_status, amount) VALUES
(171, 191, '2023-08-15 10:35:00', 'bKash', 'Completed', 125000.00),
(172, 192, '2023-08-15 14:25:00', 'Credit Card', 'Completed', 28000.00),
(173, 193, '2023-08-22 09:20:00', 'Nagad', 'Completed', 8500.00),
(174, 194, '2023-09-05 11:45:00', 'Bank Transfer', 'Completed', 145000.00),
(175, 195, '2023-09-05 15:35:00', 'bKash', 'Completed', 12000.00),
(176, 196, '2023-09-18 13:25:00', 'Cash on Delivery', 'Completed', 2800.00),
(177, 197, '2023-09-18 16:50:00', 'Rocket', 'Completed', 4500.00),
(178, 198, '2023-10-03 10:05:00', 'Credit Card', 'Completed', 285000.00),
(179, 199, '2023-10-10 14:35:00', 'bKash', 'Completed', 5500.00),
(180, 200, '2023-10-25 09:50:00', 'Nagad', 'Completed', 35000.00),
(181, 201, '2023-10-25 12:20:00', 'bKash', 'Completed', 4500.00),
(182, 202, '2023-11-08 11:25:00', 'Credit Card', 'Completed', 98000.00),
(183, 203, '2023-11-08 15:55:00', 'Bank Transfer', 'Completed', 7500.00),
(184, 204, '2023-11-08 17:35:00', 'Rocket', 'Completed', 28000.00),
(185, 205, '2023-11-20 10:35:00', 'Credit Card', 'Completed', 295000.00),
(186, 206, '2023-12-05 13:45:00', 'bKash', 'Completed', 135000.00),
(187, 207, '2023-12-05 16:25:00', 'Nagad', 'Completed', 35000.00),
(188, 208, '2023-12-18 09:35:00', 'Cash on Delivery', 'Completed', 6500.00),
(189, 209, '2023-12-18 14:05:00', 'bKash', 'Completed', 5500.00),
(190, 210, '2023-12-28 11:20:00', 'Credit Card', 'Completed', 32000.00),
(191, 211, '2024-08-12 10:25:00', 'Rocket', 'Completed', 3500.00),
(192, 212, '2024-08-12 13:50:00', 'bKash', 'Completed', 4500.00),
(193, 213, '2024-08-25 15:35:00', 'Bank Transfer', 'Completed', 38000.00),
(194, 214, '2024-09-03 09:55:00', 'Credit Card', 'Completed', 18000.00),
(195, 215, '2024-09-03 12:35:00', 'Nagad', 'Completed', 8500.00),
(196, 216, '2024-09-15 14:15:00', 'bKash', 'Completed', 7500.00),
(197, 217, '2024-09-15 16:45:00', 'Rocket', 'Completed', 4500.00),
(198, 218, '2024-09-15 18:25:00', 'Cash on Delivery', 'Completed', 650.00),
(199, 219, '2024-10-02 11:05:00', 'Credit Card', 'Completed', 125000.00),
(200, 220, '2024-10-08 13:35:00', 'bKash', 'Completed', 45000.00),
(201, 221, '2024-10-08 15:50:00', 'Nagad', 'Completed', 12000.00),
(202, 222, '2024-10-20 10:20:00', 'bKash', 'Completed', 1500.00),
(203, 223, '2024-11-01 14:30:00', 'Bank Transfer', 'Completed', 145000.00),
(204, 224, '2024-11-01 17:05:00', 'Credit Card', 'Completed', 7500.00),
(205, 225, '2024-11-14 09:35:00', 'bKash', 'Completed', 2500.00),
(206, 226, '2024-11-22 12:45:00', 'Rocket', 'Completed', 2800.00),
(207, 227, '2024-11-22 15:15:00', 'Nagad', 'Completed', 4500.00),
(208, 228, '2024-12-05 11:25:00', 'Credit Card', 'Completed', 98000.00),
(209, 229, '2024-12-10 13:55:00', 'bKash', 'Pending', 35000.00),
(210, 230, '2024-12-10 16:35:00', 'Nagad', 'Pending', 4500.00),
(211, 231, '2024-12-18 10:05:00', 'Rocket', 'Pending', 2200.00),
(212, 232, '2024-12-22 14:20:00', 'Cash on Delivery', 'Pending', 1500.00),
(213, 233, '2024-12-22 17:50:00', 'bKash', 'Pending', 2200.00),
(214, 234, '2025-01-05 09:45:00', 'Credit Card', 'Pending', 135000.00),
(215, 235, '2025-01-05 12:25:00', 'Bank Transfer', 'Pending', 35000.00),
(216, 236, '2025-01-15 15:35:00', 'bKash', 'Pending', 6500.00),
(217, 237, '2025-01-28 11:15:00', 'Credit Card', 'Pending', 295000.00),
(218, 238, '2025-02-08 13:30:00', 'Nagad', 'Pending', 28000.00),
(219, 239, '2025-02-08 16:55:00', 'Rocket', 'Pending', 28000.00),
(220, 240, '2025-02-20 10:50:00', 'bKash', 'Pending', 5500.00);

INSERT INTO Shipping (shipping_id, order_id, shipping_date, estimated_delivery, actual_delivery, delivery_status, tracking_number) VALUES
(71, 191, '2023-08-16', '2023-08-21', '2023-08-20', 'Delivered', 'TRK3001'),
(72, 192, '2023-08-16', '2023-08-21', '2023-08-20', 'Delivered', 'TRK3002'),
(73, 193, '2023-08-23', '2023-08-28', '2023-08-27', 'Delivered', 'TRK3003'),
(74, 194, '2023-09-06', '2023-09-11', '2023-09-10', 'Delivered', 'TRK3004'),
(75, 195, '2023-09-06', '2023-09-11', '2023-09-11', 'Delivered', 'TRK3005'),
(76, 196, '2023-09-19', '2023-09-24', '2023-09-23', 'Delivered', 'TRK3006'),
(77, 197, '2023-09-19', '2023-09-24', '2023-09-24', 'Delivered', 'TRK3007'),
(78, 198, '2023-10-04', '2023-10-09', '2023-10-08', 'Delivered', 'TRK3008'),
(79, 199, '2023-10-11', '2023-10-16', '2023-10-15', 'Delivered', 'TRK3009'),
(80, 200, '2023-10-26', '2023-10-31', '2023-10-30', 'Delivered', 'TRK3010'),
(81, 201, '2023-10-26', '2023-10-31', '2023-10-31', 'Delivered', 'TRK3011'),
(82, 202, '2023-11-09', '2023-11-14', '2023-11-13', 'Delivered', 'TRK3012'),
(83, 203, '2023-11-09', '2023-11-14', '2023-11-14', 'Delivered', 'TRK3013'),
(84, 204, '2023-11-09', '2023-11-14', '2023-11-14', 'Delivered', 'TRK3014'),
(85, 205, '2023-11-21', '2023-11-26', '2023-11-25', 'Delivered', 'TRK3015'),
(86, 206, '2023-12-06', '2023-12-11', '2023-12-10', 'Delivered', 'TRK3016'),
(87, 207, '2023-12-06', '2023-12-11', '2023-12-11', 'Delivered', 'TRK3017'),
(88, 208, '2023-12-19', '2023-12-24', '2023-12-23', 'Delivered', 'TRK3018'),
(89, 209, '2023-12-19', '2023-12-24', '2023-12-24', 'Delivered', 'TRK3019'),
(90, 210, '2023-12-29', '2024-01-03', '2024-01-02', 'Delivered', 'TRK3020'),
(91, 211, '2024-08-13', '2024-08-18', '2024-08-17', 'Delivered', 'TRK3021'),
(92, 212, '2024-08-13', '2024-08-18', '2024-08-18', 'Delivered', 'TRK3022'),
(93, 213, '2024-08-26', '2024-08-31', '2024-08-30', 'Delivered', 'TRK3023'),
(94, 214, '2024-09-04', '2024-09-09', '2024-09-08', 'Delivered', 'TRK3024'),
(95, 215, '2024-09-04', '2024-09-09', '2024-09-09', 'Delivered', 'TRK3025'),
(96, 216, '2024-09-16', '2024-09-21', '2024-09-20', 'Delivered', 'TRK3026'),
(97, 217, '2024-09-16', '2024-09-21', '2024-09-21', 'Delivered', 'TRK3027'),
(98, 218, '2024-09-16', '2024-09-21', '2024-09-21', 'Delivered', 'TRK3028'),
(99, 219, '2024-10-03', '2024-10-08', '2024-10-07', 'Delivered', 'TRK3029'),
(100, 220, '2024-10-09', '2024-10-14', '2024-10-13', 'Delivered', 'TRK3030'),
(101, 221, '2024-10-09', '2024-10-14', '2024-10-14', 'Delivered', 'TRK3031'),
(102, 222, '2024-10-21', '2024-10-26', '2024-10-25', 'Delivered', 'TRK3032'),
(103, 223, '2024-11-02', '2024-11-07', '2024-11-06', 'Delivered', 'TRK3033'),
(104, 224, '2024-11-02', '2024-11-07', '2024-11-07', 'Delivered', 'TRK3034'),
(105, 225, '2024-11-15', '2024-11-20', '2024-11-19', 'Delivered', 'TRK3035'),
(106, 226, '2024-11-23', '2024-11-28', '2024-11-27', 'Delivered', 'TRK3036'),
(107, 227, '2024-11-23', '2024-11-28', '2024-11-28', 'Delivered', 'TRK3037'),
(108, 228, '2024-12-06', '2024-12-11', '2024-12-10', 'Delivered', 'TRK3038'),
(109, 229, '2024-12-11', '2024-12-16', NULL, 'In Transit', 'TRK3039'),
(110, 230, '2024-12-11', '2024-12-16', NULL, 'In Transit', 'TRK3040'),
(111, 231, '2024-12-19', '2024-12-24', NULL, 'Pending', 'TRK3041'),
(112, 232, '2024-12-23', '2024-12-28', NULL, 'Pending', 'TRK3042'),
(113, 233, '2024-12-23', '2024-12-28', NULL, 'Pending', 'TRK3043'),
(114, 234, '2025-01-06', '2025-01-11', NULL, 'Pending', 'TRK3044'),
(115, 235, '2025-01-06', '2025-01-11', NULL, 'Pending', 'TRK3045'),
(116, 236, '2025-01-16', '2025-01-21', NULL, 'Pending', 'TRK3046'),
(117, 237, '2025-01-29', '2025-02-03', NULL, 'Pending', 'TRK3047'),
(118, 238, '2025-02-09', '2025-02-14', NULL, 'Pending', 'TRK3048'),
(119, 239, '2025-02-09', '2025-02-14', NULL, 'Pending', 'TRK3049'),
(120, 240, '2025-02-21', '2025-02-26', NULL, 'Pending', 'TRK3050');

INSERT INTO Orders (order_id, order_date, customer_id, order_status, total_amount) VALUES
(241, '2023-07-10 10:30:00', 1, 'Delivered', 7500.00),
(242, '2023-07-12 14:20:00', 8, 'Delivered', 4500.00),
(243, '2023-07-15 09:15:00', 15, 'Delivered', 3600.00),
(244, '2023-07-18 11:40:00', 3, 'Delivered', 10500.00),
(245, '2023-07-20 15:30:00', 12, 'Delivered', 4400.00),
(246, '2023-07-22 13:20:00', 22, 'Delivered', 8400.00),
(247, '2023-07-25 16:45:00', 28, 'Delivered', 3000.00),
(248, '2023-07-28 10:00:00', 5, 'Delivered', 9600.00),
(249, '2023-08-02 14:30:00', 19, 'Delivered', 13000.00),
(250, '2023-08-05 09:45:00', 7, 'Delivered', 7000.00),
(251, '2023-08-08 12:15:00', 14, 'Delivered', 9000.00),
(252, '2023-08-12 11:20:00', 2, 'Delivered', 5400.00),
(253, '2023-08-15 15:50:00', 9, 'Delivered', 11000.00),
(254, '2023-08-18 17:30:00', 16, 'Delivered', 6600.00),
(255, '2023-08-22 10:30:00', 25, 'Delivered', 13500.00),
(256, '2023-08-25 13:40:00', 4, 'Delivered', 7000.00),
(257, '2023-08-28 16:20:00', 11, 'Delivered', 6000.00),
(258, '2023-09-02 09:30:00', 18, 'Delivered', 8400.00),
(259, '2023-09-05 14:00:00', 23, 'Delivered', 13500.00),
(260, '2023-09-08 11:15:00', 6, 'Delivered', 11200.00),
(261, '2023-09-12 10:20:00', 13, 'Delivered', 5400.00),
(262, '2023-09-15 13:45:00', 20, 'Delivered', 7200.00),
(263, '2023-09-18 15:30:00', 27, 'Delivered', 5400.00),
(264, '2023-09-22 09:50:00', 10, 'Delivered', 13000.00),
(265, '2023-09-25 12:30:00', 17, 'Delivered', 9000.00),
(266, '2023-09-28 14:10:00', 24, 'Delivered', 6600.00),
(267, '2023-10-02 16:40:00', 31, 'Delivered', 10500.00),
(268, '2023-10-05 18:20:00', 38, 'Delivered', 3000.00),
(269, '2023-10-08 11:00:00', 1, 'Delivered', 11200.00),
(270, '2023-10-12 13:30:00', 5, 'Delivered', 8400.00),
(271, '2023-10-15 15:45:00', 12, 'Delivered', 13500.00),
(272, '2023-10-18 10:15:00', 21, 'Delivered', 7200.00),
(273, '2023-10-22 14:25:00', 3, 'Delivered', 5400.00),
(274, '2023-10-25 17:00:00', 9, 'Delivered', 6600.00),
(275, '2023-10-28 09:30:00', 15, 'Delivered', 13000.00),
(276, '2023-11-02 12:40:00', 22, 'Delivered', 13500.00),
(277, '2023-11-05 15:10:00', 28, 'Delivered', 6000.00),
(278, '2023-11-08 11:20:00', 2, 'Delivered', 11000.00),
(279, '2023-11-12 13:50:00', 7, 'Delivered', 7200.00),
(280, '2023-11-15 16:30:00', 14, 'Delivered', 4500.00),
(281, '2023-11-18 10:00:00', 19, 'Delivered', 7200.00),
(282, '2023-11-22 14:15:00', 26, 'Delivered', 13500.00),
(283, '2023-11-25 17:45:00', 33, 'Delivered', 6600.00),
(284, '2023-11-28 09:40:00', 4, 'Delivered', 13000.00),
(285, '2023-12-02 12:20:00', 11, 'Delivered', 11200.00),
(286, '2023-12-05 15:30:00', 18, 'Delivered', 8400.00),
(287, '2023-12-08 11:10:00', 25, 'Delivered', 10500.00),
(288, '2023-12-12 13:25:00', 8, 'Delivered', 13500.00),
(289, '2023-12-15 16:50:00', 16, 'Delivered', 5400.00),
(290, '2023-12-18 10:45:00', 23, 'Delivered', 6600.00),
(291, '2024-01-08 10:30:00', 1, 'Delivered', 13000.00),
(292, '2024-01-12 14:20:00', 8, 'Delivered', 13500.00),
(293, '2024-01-15 09:15:00', 15, 'Delivered', 7200.00),
(294, '2024-01-18 11:40:00', 3, 'Delivered', 11200.00),
(295, '2024-01-22 15:30:00', 12, 'Delivered', 8400.00),
(296, '2024-01-25 13:20:00', 22, 'Delivered', 4500.00),
(297, '2024-01-28 16:45:00', 28, 'Delivered', 13500.00),
(298, '2024-02-02 10:00:00', 5, 'Delivered', 6600.00),
(299, '2024-02-05 14:30:00', 19, 'Delivered', 10500.00),
(300, '2024-02-08 09:45:00', 7, 'Delivered', 13000.00),
(301, '2024-02-12 12:15:00', 14, 'Delivered', 13500.00),
(302, '2024-02-15 11:20:00', 2, 'Delivered', 11200.00),
(303, '2024-02-18 15:50:00', 9, 'Delivered', 7200.00),
(304, '2024-02-22 17:30:00', 16, 'Delivered', 5400.00),
(305, '2024-02-25 10:30:00', 25, 'Delivered', 7200.00),
(306, '2024-02-28 13:40:00', 4, 'Delivered', 13500.00),
(307, '2024-03-05 16:20:00', 11, 'Delivered', 6600.00),
(308, '2024-03-08 09:30:00', 18, 'Delivered', 13000.00),
(309, '2024-03-12 14:00:00', 23, 'Delivered', 11200.00),
(310, '2024-03-15 11:15:00', 6, 'Delivered', 8400.00),
(311, '2024-03-18 10:20:00', 13, 'Delivered', 13500.00),
(312, '2024-03-22 13:45:00', 20, 'Delivered', 10500.00),
(313, '2024-03-25 15:30:00', 27, 'Delivered', 4500.00),
(314, '2024-03-28 09:50:00', 10, 'Delivered', 6600.00),
(315, '2024-04-02 12:30:00', 17, 'Delivered', 13000.00),
(316, '2024-04-05 14:10:00', 24, 'Delivered', 13500.00),
(317, '2024-04-08 16:40:00', 31, 'Delivered', 11200.00),
(318, '2024-04-12 18:20:00', 38, 'Delivered', 7200.00),
(319, '2024-04-15 11:00:00', 1, 'Delivered', 8400.00),
(320, '2024-04-18 13:30:00', 5, 'Delivered', 5400.00),
(321, '2024-04-22 15:45:00', 12, 'Delivered', 13500.00),
(322, '2024-04-25 10:15:00', 21, 'Delivered', 6600.00),
(323, '2024-04-28 14:25:00', 3, 'Delivered', 13000.00),
(324, '2024-05-02 17:00:00', 9, 'Delivered', 10500.00),
(325, '2024-05-05 09:30:00', 15, 'Delivered', 11200.00),
(326, '2024-05-08 12:40:00', 22, 'Delivered', 13500.00),
(327, '2024-05-12 15:10:00', 28, 'Delivered', 7200.00),
(328, '2024-05-15 11:20:00', 2, 'Delivered', 4500.00),
(329, '2024-05-18 13:50:00', 7, 'Delivered', 7200.00),
(330, '2024-05-22 16:30:00', 14, 'Delivered', 13000.00),
(331, '2024-05-25 10:00:00', 19, 'Delivered', 13500.00),
(332, '2024-05-28 14:15:00', 26, 'Delivered', 8400.00),
(333, '2024-06-02 17:45:00', 33, 'Delivered', 11200.00),
(334, '2024-06-05 09:40:00', 4, 'Delivered', 6600.00),
(335, '2024-06-08 12:20:00', 11, 'Delivered', 10500.00),
(336, '2024-06-12 15:30:00', 18, 'Delivered', 5400.00),
(337, '2024-06-15 11:10:00', 25, 'Delivered', 13000.00),
(338, '2024-06-18 13:25:00', 8, 'Delivered', 13500.00),
(339, '2024-06-22 16:50:00', 16, 'Delivered', 11200.00),
(340, '2024-06-25 10:45:00', 23, 'Delivered', 7200.00);

INSERT INTO Order_Items (order_item_id, order_id, product_id, quantity, unit_price, line_total) VALUES
(241, 241, 11, 5, 1500.00, 7500.00),
(242, 242, 31, 1, 4500.00, 4500.00),
(243, 243, 29, 2, 1800.00, 3600.00),
(244, 244, 27, 3, 3500.00, 10500.00),
(245, 245, 46, 2, 2200.00, 4400.00),
(246, 246, 11, 4, 1500.00, 6000.00),
(247, 246, 15, 2, 1200.00, 2400.00),
(248, 247, 45, 2, 1500.00, 3000.00),
(249, 248, 15, 8, 1200.00, 9600.00),
(250, 249, 17, 2, 6500.00, 13000.00),
(251, 250, 11, 4, 1500.00, 6000.00),
(252, 250, 40, 1, 1200.00, 1200.00),
(253, 251, 31, 2, 4500.00, 9000.00),
(254, 252, 16, 3, 1800.00, 5400.00),
(255, 253, 18, 2, 5500.00, 11000.00),
(256, 254, 46, 3, 2200.00, 6600.00),
(257, 255, 19, 3, 4500.00, 13500.00),
(258, 256, 27, 2, 3500.00, 7000.00),
(259, 257, 25, 4, 1500.00, 6000.00),
(260, 258, 13, 3, 2800.00, 8400.00),
(261, 259, 28, 3, 4500.00, 13500.00),
(262, 260, 11, 5, 1500.00, 7500.00),
(263, 260, 40, 3, 1200.00, 3600.00),
(264, 261, 29, 3, 1800.00, 5400.00),
(265, 262, 15, 6, 1200.00, 7200.00),
(266, 263, 16, 3, 1800.00, 5400.00),
(267, 264, 17, 2, 6500.00, 13000.00),
(268, 265, 31, 2, 4500.00, 9000.00),
(269, 266, 42, 3, 2200.00, 6600.00),
(270, 267, 27, 3, 3500.00, 10500.00),
(271, 268, 45, 2, 1500.00, 3000.00),
(272, 269, 11, 6, 1500.00, 9000.00),
(273, 269, 40, 2, 1200.00, 2400.00),
(274, 270, 13, 3, 2800.00, 8400.00),
(275, 271, 19, 3, 4500.00, 13500.00),
(276, 272, 29, 4, 1800.00, 7200.00),
(277, 273, 16, 3, 1800.00, 5400.00),
(278, 274, 46, 3, 2200.00, 6600.00),
(279, 275, 17, 2, 6500.00, 13000.00),
(280, 276, 28, 3, 4500.00, 13500.00),
(281, 277, 11, 4, 1500.00, 6000.00),
(282, 278, 18, 2, 5500.00, 11000.00),
(283, 279, 15, 6, 1200.00, 7200.00),
(284, 280, 31, 1, 4500.00, 4500.00),
(285, 281, 29, 4, 1800.00, 7200.00),
(286, 282, 19, 3, 4500.00, 13500.00),
(287, 283, 42, 3, 2200.00, 6600.00),
(288, 284, 17, 2, 6500.00, 13000.00),
(289, 285, 11, 6, 1500.00, 9000.00),
(290, 285, 40, 2, 1200.00, 2400.00),
(291, 286, 13, 3, 2800.00, 8400.00),
(292, 287, 27, 3, 3500.00, 10500.00),
(293, 288, 28, 3, 4500.00, 13500.00),
(294, 289, 16, 3, 1800.00, 5400.00),
(295, 290, 46, 3, 2200.00, 6600.00),
(296, 291, 17, 2, 6500.00, 13000.00),
(297, 292, 31, 3, 4500.00, 13500.00),
(298, 293, 29, 4, 1800.00, 7200.00),
(299, 294, 11, 5, 1500.00, 7500.00),
(300, 294, 40, 3, 1200.00, 3600.00),
(301, 295, 13, 3, 2800.00, 8400.00),
(302, 296, 19, 1, 4500.00, 4500.00),
(303, 297, 28, 3, 4500.00, 13500.00),
(304, 298, 42, 3, 2200.00, 6600.00),
(305, 299, 27, 3, 3500.00, 10500.00),
(306, 300, 17, 2, 6500.00, 13000.00),
(307, 301, 19, 3, 4500.00, 13500.00),
(308, 302, 11, 6, 1500.00, 9000.00),
(309, 302, 40, 2, 1200.00, 2400.00),
(310, 303, 15, 6, 1200.00, 7200.00),
(311, 304, 16, 3, 1800.00, 5400.00),
(312, 305, 29, 4, 1800.00, 7200.00),
(313, 306, 28, 3, 4500.00, 13500.00),
(314, 307, 46, 3, 2200.00, 6600.00),
(315, 308, 17, 2, 6500.00, 13000.00),
(316, 309, 11, 5, 1500.00, 7500.00),
(317, 309, 40, 3, 1200.00, 3600.00),
(318, 310, 13, 3, 2800.00, 8400.00),
(319, 311, 31, 3, 4500.00, 13500.00),
(320, 312, 27, 3, 3500.00, 10500.00),
(321, 313, 19, 1, 4500.00, 4500.00),
(322, 314, 42, 3, 2200.00, 6600.00),
(323, 315, 17, 2, 6500.00, 13000.00),
(324, 316, 28, 3, 4500.00, 13500.00),
(325, 317, 11, 6, 1500.00, 9000.00),
(326, 317, 40, 2, 1200.00, 2400.00),
(327, 318, 29, 4, 1800.00, 7200.00),
(328, 319, 13, 3, 2800.00, 8400.00),
(329, 320, 16, 3, 1800.00, 5400.00),
(330, 321, 19, 3, 4500.00, 13500.00),
(331, 322, 46, 3, 2200.00, 6600.00),
(332, 323, 17, 2, 6500.00, 13000.00),
(333, 324, 27, 3, 3500.00, 10500.00),
(334, 325, 11, 5, 1500.00, 7500.00),
(335, 325, 40, 3, 1200.00, 3600.00),
(336, 326, 28, 3, 4500.00, 13500.00),
(337, 327, 15, 6, 1200.00, 7200.00),
(338, 328, 31, 1, 4500.00, 4500.00),
(339, 329, 29, 4, 1800.00, 7200.00),
(340, 330, 17, 2, 6500.00, 13000.00),
(341, 331, 19, 3, 4500.00, 13500.00),
(342, 332, 13, 3, 2800.00, 8400.00),
(343, 333, 11, 6, 1500.00, 9000.00),
(344, 333, 40, 2, 1200.00, 2400.00),
(345, 334, 42, 3, 2200.00, 6600.00),
(346, 335, 27, 3, 3500.00, 10500.00),
(347, 336, 16, 3, 1800.00, 5400.00),
(348, 337, 17, 2, 6500.00, 13000.00),
(349, 338, 28, 3, 4500.00, 13500.00),
(350, 339, 11, 5, 1500.00, 7500.00),
(351, 339, 40, 3, 1200.00, 3600.00),
(352, 340, 29, 4, 1800.00, 7200.00);

INSERT INTO Payments (payment_id, order_id, payment_date, payment_method, payment_status, amount) VALUES
(221, 241, '2023-07-10 10:35:00', 'bKash', 'Completed', 7500.00),
(222, 242, '2023-07-12 14:25:00', 'Nagad', 'Completed', 4500.00),
(223, 243, '2023-07-15 09:20:00', 'Cash on Delivery', 'Completed', 3600.00),
(224, 244, '2023-07-18 11:45:00', 'Rocket', 'Completed', 10500.00),
(225, 245, '2023-07-20 15:35:00', 'bKash', 'Completed', 4400.00),
(226, 246, '2023-07-22 13:25:00', 'Credit Card', 'Completed', 8400.00),
(227, 247, '2023-07-25 16:50:00', 'Nagad', 'Completed', 3000.00),
(228, 248, '2023-07-28 10:05:00', 'bKash', 'Completed', 9600.00),
(229, 249, '2023-08-02 14:35:00', 'Bank Transfer', 'Completed', 13000.00),
(230, 250, '2023-08-05 09:50:00', 'Rocket', 'Completed', 7000.00),
(231, 251, '2023-08-08 12:20:00', 'bKash', 'Completed', 9000.00),
(232, 252, '2023-08-12 11:25:00', 'Cash on Delivery', 'Completed', 5400.00),
(233, 253, '2023-08-15 15:55:00', 'Credit Card', 'Completed', 11000.00),
(234, 254, '2023-08-18 17:35:00', 'Nagad', 'Completed', 6600.00),
(235, 255, '2023-08-22 10:35:00', 'bKash', 'Completed', 13500.00),
(236, 256, '2023-08-25 13:45:00', 'Rocket', 'Completed', 7000.00),
(237, 257, '2023-08-28 16:25:00', 'bKash', 'Completed', 6000.00),
(238, 258, '2023-09-02 09:35:00', 'Bank Transfer', 'Completed', 8400.00),
(239, 259, '2023-09-05 14:05:00', 'Credit Card', 'Completed', 13500.00),
(240, 260, '2023-09-08 11:20:00', 'Nagad', 'Completed', 11200.00),
(241, 261, '2023-09-12 10:25:00', 'bKash', 'Completed', 5400.00),
(242, 262, '2023-09-15 13:50:00', 'Cash on Delivery', 'Completed', 7200.00),
(243, 263, '2023-09-18 15:35:00', 'Rocket', 'Completed', 5400.00),
(244, 264, '2023-09-22 09:55:00', 'bKash', 'Completed', 13000.00),
(245, 265, '2023-09-25 12:35:00', 'Credit Card', 'Completed', 9000.00),
(246, 266, '2023-09-28 14:15:00', 'Nagad', 'Completed', 6600.00),
(247, 267, '2023-10-02 16:45:00', 'bKash', 'Completed', 10500.00),
(248, 268, '2023-10-05 18:25:00', 'Bank Transfer', 'Completed', 3000.00),
(249, 269, '2023-10-08 11:05:00', 'Rocket', 'Completed', 11200.00),
(250, 270, '2023-10-12 13:35:00', 'bKash', 'Completed', 8400.00),
(251, 271, '2023-10-15 15:50:00', 'Cash on Delivery', 'Completed', 13500.00),
(252, 272, '2023-10-18 10:20:00', 'Credit Card', 'Completed', 7200.00),
(253, 273, '2023-10-22 14:30:00', 'Nagad', 'Completed', 5400.00),
(254, 274, '2023-10-25 17:05:00', 'bKash', 'Completed', 6600.00),
(255, 275, '2023-10-28 09:35:00', 'Rocket', 'Completed', 13000.00),
(256, 276, '2023-11-02 12:45:00', 'bKash', 'Completed', 13500.00),
(257, 277, '2023-11-05 15:15:00', 'Bank Transfer', 'Completed', 6000.00),
(258, 278, '2023-11-08 11:25:00', 'Credit Card', 'Completed', 11000.00),
(259, 279, '2023-11-12 13:55:00', 'Nagad', 'Completed', 7200.00),
(260, 280, '2023-11-15 16:35:00', 'bKash', 'Completed', 4500.00),
(261, 281, '2023-11-18 10:05:00', 'Cash on Delivery', 'Completed', 7200.00),
(262, 282, '2023-11-22 14:20:00', 'Rocket', 'Completed', 13500.00),
(263, 283, '2023-11-25 17:50:00', 'bKash', 'Completed', 6600.00),
(264, 284, '2023-11-28 09:45:00', 'Credit Card', 'Completed', 13000.00),
(265, 285, '2023-12-02 12:25:00', 'Bank Transfer', 'Completed', 11200.00),
(266, 286, '2023-12-05 15:35:00', 'Nagad', 'Completed', 8400.00),
(267, 287, '2023-12-08 11:15:00', 'bKash', 'Completed', 10500.00),
(268, 288, '2023-12-12 13:30:00', 'Rocket', 'Completed', 13500.00),
(269, 289, '2023-12-15 16:55:00', 'Cash on Delivery', 'Completed', 5400.00),
(270, 290, '2023-12-18 10:50:00', 'bKash', 'Completed', 6600.00),
(271, 291, '2024-01-08 10:35:00', 'Credit Card', 'Completed', 13000.00),
(272, 292, '2024-01-12 14:25:00', 'Nagad', 'Completed', 13500.00),
(273, 293, '2024-01-15 09:20:00', 'bKash', 'Completed', 7200.00),
(274, 294, '2024-01-18 11:45:00', 'Rocket', 'Completed', 11200.00),
(275, 295, '2024-01-22 15:35:00', 'Bank Transfer', 'Completed', 8400.00),
(276, 296, '2024-01-25 13:25:00', 'bKash', 'Completed', 4500.00),
(277, 297, '2024-01-28 16:50:00', 'Credit Card', 'Completed', 13500.00),
(278, 298, '2024-02-02 10:05:00', 'Nagad', 'Completed', 6600.00),
(279, 299, '2024-02-05 14:35:00', 'bKash', 'Completed', 10500.00),
(280, 300, '2024-02-08 09:50:00', 'Rocket', 'Completed', 13000.00),
(281, 301, '2024-02-12 12:20:00', 'Credit Card', 'Completed', 13500.00),
(282, 302, '2024-02-15 11:25:00', 'Bank Transfer', 'Completed', 11200.00),
(283, 303, '2024-02-18 15:55:00', 'bKash', 'Completed', 7200.00),
(284, 304, '2024-02-22 17:35:00', 'Cash on Delivery', 'Completed', 5400.00),
(285, 305, '2024-02-25 10:35:00', 'Nagad', 'Completed', 7200.00),
(286, 306, '2024-02-28 13:45:00', 'bKash', 'Completed', 13500.00),
(287, 307, '2024-03-05 16:25:00', 'Rocket', 'Completed', 6600.00),
(288, 308, '2024-03-08 09:35:00', 'Credit Card', 'Completed', 13000.00),
(289, 309, '2024-03-12 14:05:00', 'Bank Transfer', 'Completed', 11200.00),
(290, 310, '2024-03-15 11:20:00', 'bKash', 'Completed', 8400.00),
(291, 311, '2024-03-18 10:25:00', 'Nagad', 'Completed', 13500.00),
(292, 312, '2024-03-22 13:50:00', 'Cash on Delivery', 'Completed', 10500.00),
(293, 313, '2024-03-25 15:35:00', 'Rocket', 'Completed', 4500.00),
(294, 314, '2024-03-28 09:55:00', 'bKash', 'Completed', 6600.00),
(295, 315, '2024-04-02 12:35:00', 'Credit Card', 'Completed', 13000.00),
(296, 316, '2024-04-05 14:15:00', 'Nagad', 'Completed', 13500.00),
(297, 317, '2024-04-08 16:45:00', 'bKash', 'Completed', 11200.00),
(298, 318, '2024-04-12 18:25:00', 'Bank Transfer', 'Completed', 7200.00),
(299, 319, '2024-04-15 11:05:00', 'Rocket', 'Completed', 8400.00),
(300, 320, '2024-04-18 13:35:00', 'bKash', 'Completed', 5400.00),
(301, 321, '2024-04-22 15:50:00', 'Credit Card', 'Completed', 13500.00),
(302, 322, '2024-04-25 10:20:00', 'Cash on Delivery', 'Completed', 6600.00),
(303, 323, '2024-04-28 14:30:00', 'Nagad', 'Completed', 13000.00),
(304, 324, '2024-05-02 17:05:00', 'bKash', 'Completed', 10500.00),
(305, 325, '2024-05-05 09:35:00', 'Rocket', 'Completed', 11200.00),
(306, 326, '2024-05-08 12:45:00', 'Credit Card', 'Completed', 13500.00),
(307, 327, '2024-05-12 15:15:00', 'Bank Transfer', 'Completed', 7200.00),
(308, 328, '2024-05-15 11:25:00', 'bKash', 'Completed', 4500.00),
(309, 329, '2024-05-18 13:55:00', 'Nagad', 'Completed', 7200.00),
(310, 330, '2024-05-22 16:35:00', 'Cash on Delivery', 'Completed', 13000.00),
(311, 331, '2024-05-25 10:05:00', 'Rocket', 'Completed', 13500.00),
(312, 332, '2024-05-28 14:20:00', 'bKash', 'Completed', 8400.00),
(313, 333, '2024-06-02 17:50:00', 'Credit Card', 'Completed', 11200.00),
(314, 334, '2024-06-05 09:45:00', 'Bank Transfer', 'Completed', 6600.00),
(315, 335, '2024-06-08 12:25:00', 'Nagad', 'Completed', 10500.00),
(316, 336, '2024-06-12 15:35:00', 'bKash', 'Completed', 5400.00),
(317, 337, '2024-06-15 11:15:00', 'Rocket', 'Completed', 13000.00),
(318, 338, '2024-06-18 13:30:00', 'Credit Card', 'Completed', 13500.00),
(319, 339, '2024-06-22 16:55:00', 'Cash on Delivery', 'Completed', 11200.00),
(320, 340, '2024-06-25 10:50:00', 'bKash', 'Completed', 7200.00);

INSERT INTO Shipping (shipping_id, order_id, shipping_date, estimated_delivery, actual_delivery, delivery_status, tracking_number) VALUES
(121, 241, '2023-07-11', '2023-07-16', '2023-07-15', 'Delivered', 'TRK4001'),
(122, 242, '2023-07-13', '2023-07-18', '2023-07-17', 'Delivered', 'TRK4002'),
(123, 243, '2023-07-16', '2023-07-21', '2023-07-20', 'Delivered', 'TRK4003'),
(124, 244, '2023-07-19', '2023-07-24', '2023-07-23', 'Delivered', 'TRK4004'),
(125, 245, '2023-07-21', '2023-07-26', '2023-07-25', 'Delivered', 'TRK4005'),
(126, 246, '2023-07-23', '2023-07-28', '2023-07-27', 'Delivered', 'TRK4006'),
(127, 247, '2023-07-26', '2023-07-31', '2023-07-30', 'Delivered', 'TRK4007'),
(128, 248, '2023-07-29', '2023-08-03', '2023-08-02', 'Delivered', 'TRK4008'),
(129, 249, '2023-08-03', '2023-08-08', '2023-08-07', 'Delivered', 'TRK4009'),
(130, 250, '2023-08-06', '2023-08-11', '2023-08-10', 'Delivered', 'TRK4010'),
(131, 251, '2023-08-09', '2023-08-14', '2023-08-13', 'Delivered', 'TRK4011'),
(132, 252, '2023-08-13', '2023-08-18', '2023-08-17', 'Delivered', 'TRK4012'),
(133, 253, '2023-08-16', '2023-08-21', '2023-08-20', 'Delivered', 'TRK4013'),
(134, 254, '2023-08-19', '2023-08-24', '2023-08-23', 'Delivered', 'TRK4014'),
(135, 255, '2023-08-23', '2023-08-28', '2023-08-27', 'Delivered', 'TRK4015'),
(136, 256, '2023-08-26', '2023-08-31', '2023-08-30', 'Delivered', 'TRK4016'),
(137, 257, '2023-08-29', '2023-09-03', '2023-09-02', 'Delivered', 'TRK4017'),
(138, 258, '2023-09-03', '2023-09-08', '2023-09-07', 'Delivered', 'TRK4018'),
(139, 259, '2023-09-06', '2023-09-11', '2023-09-10', 'Delivered', 'TRK4019'),
(140, 260, '2023-09-09', '2023-09-14', '2023-09-13', 'Delivered', 'TRK4020'),
(141, 261, '2023-09-13', '2023-09-18', '2023-09-17', 'Delivered', 'TRK4021'),
(142, 262, '2023-09-16', '2023-09-21', '2023-09-20', 'Delivered', 'TRK4022'),
(143, 263, '2023-09-19', '2023-09-24', '2023-09-23', 'Delivered', 'TRK4023'),
(144, 264, '2023-09-23', '2023-09-28', '2023-09-27', 'Delivered', 'TRK4024'),
(145, 265, '2023-09-26', '2023-10-01', '2023-09-30', 'Delivered', 'TRK4025'),
(146, 266, '2023-09-29', '2023-10-04', '2023-10-03', 'Delivered', 'TRK4026'),
(147, 267, '2023-10-03', '2023-10-08', '2023-10-07', 'Delivered', 'TRK4027'),
(148, 268, '2023-10-06', '2023-10-11', '2023-10-10', 'Delivered', 'TRK4028'),
(149, 269, '2023-10-09', '2023-10-14', '2023-10-13', 'Delivered', 'TRK4029'),
(150, 270, '2023-10-13', '2023-10-18', '2023-10-17', 'Delivered', 'TRK4030'),
(151, 271, '2023-10-16', '2023-10-21', '2023-10-20', 'Delivered', 'TRK4031'),
(152, 272, '2023-10-19', '2023-10-24', '2023-10-23', 'Delivered', 'TRK4032'),
(153, 273, '2023-10-23', '2023-10-28', '2023-10-27', 'Delivered', 'TRK4033'),
(154, 274, '2023-10-26', '2023-10-31', '2023-10-30', 'Delivered', 'TRK4034'),
(155, 275, '2023-10-29', '2023-11-03', '2023-11-02', 'Delivered', 'TRK4035'),
(156, 276, '2023-11-03', '2023-11-08', '2023-11-07', 'Delivered', 'TRK4036'),
(157, 277, '2023-11-06', '2023-11-11', '2023-11-10', 'Delivered', 'TRK4037'),
(158, 278, '2023-11-09', '2023-11-14', '2023-11-13', 'Delivered', 'TRK4038'),
(159, 279, '2023-11-13', '2023-11-18', '2023-11-17', 'Delivered', 'TRK4039'),
(160, 280, '2023-11-16', '2023-11-21', '2023-11-20', 'Delivered', 'TRK4040'),
(161, 281, '2023-11-19', '2023-11-24', '2023-11-23', 'Delivered', 'TRK4041'),
(162, 282, '2023-11-23', '2023-11-28', '2023-11-27', 'Delivered', 'TRK4042'),
(163, 283, '2023-11-26', '2023-12-01', '2023-11-30', 'Delivered', 'TRK4043'),
(164, 284, '2023-11-29', '2023-12-04', '2023-12-03', 'Delivered', 'TRK4044'),
(165, 285, '2023-12-03', '2023-12-08', '2023-12-07', 'Delivered', 'TRK4045'),
(166, 286, '2023-12-06', '2023-12-11', '2023-12-10', 'Delivered', 'TRK4046'),
(167, 287, '2023-12-09', '2023-12-14', '2023-12-13', 'Delivered', 'TRK4047'),
(168, 288, '2023-12-13', '2023-12-18', '2023-12-17', 'Delivered', 'TRK4048'),
(169, 289, '2023-12-16', '2023-12-21', '2023-12-20', 'Delivered', 'TRK4049'),
(170, 290, '2023-12-19', '2023-12-24', '2023-12-23', 'Delivered', 'TRK4050'),
(171, 291, '2024-01-09', '2024-01-14', '2024-01-13', 'Delivered', 'TRK4051'),
(172, 292, '2024-01-13', '2024-01-18', '2024-01-17', 'Delivered', 'TRK4052'),
(173, 293, '2024-01-16', '2024-01-21', '2024-01-20', 'Delivered', 'TRK4053'),
(174, 294, '2024-01-19', '2024-01-24', '2024-01-23', 'Delivered', 'TRK4054'),
(175, 295, '2024-01-23', '2024-01-28', '2024-01-27', 'Delivered', 'TRK4055'),
(176, 296, '2024-01-26', '2024-01-31', '2024-01-30', 'Delivered', 'TRK4056'),
(177, 297, '2024-01-29', '2024-02-03', '2024-02-02', 'Delivered', 'TRK4057'),
(178, 298, '2024-02-03', '2024-02-08', '2024-02-07', 'Delivered', 'TRK4058'),
(179, 299, '2024-02-06', '2024-02-11', '2024-02-10', 'Delivered', 'TRK4059'),
(180, 300, '2024-02-09', '2024-02-14', '2024-02-13', 'Delivered', 'TRK4060'),
(181, 301, '2024-02-13', '2024-02-18', '2024-02-17', 'Delivered', 'TRK4061'),
(182, 302, '2024-02-16', '2024-02-21', '2024-02-20', 'Delivered', 'TRK4062'),
(183, 303, '2024-02-19', '2024-02-24', '2024-02-23', 'Delivered', 'TRK4063'),
(184, 304, '2024-02-23', '2024-02-28', '2024-02-27', 'Delivered', 'TRK4064'),
(185, 305, '2024-02-26', '2024-03-02', '2024-03-01', 'Delivered', 'TRK4065'),
(186, 306, '2024-02-29', '2024-03-05', '2024-03-04', 'Delivered', 'TRK4066'),
(187, 307, '2024-03-06', '2024-03-11', '2024-03-10', 'Delivered', 'TRK4067'),
(188, 308, '2024-03-09', '2024-03-14', '2024-03-13', 'Delivered', 'TRK4068'),
(189, 309, '2024-03-13', '2024-03-18', '2024-03-17', 'Delivered', 'TRK4069'),
(190, 310, '2024-03-16', '2024-03-21', '2024-03-20', 'Delivered', 'TRK4070'),
(191, 311, '2024-03-19', '2024-03-24', '2024-03-23', 'Delivered', 'TRK4071'),
(192, 312, '2024-03-23', '2024-03-28', '2024-03-27', 'Delivered', 'TRK4072'),
(193, 313, '2024-03-26', '2024-03-31', '2024-03-30', 'Delivered', 'TRK4073'),
(194, 314, '2024-03-29', '2024-04-03', '2024-04-02', 'Delivered', 'TRK4074'),
(195, 315, '2024-04-03', '2024-04-08', '2024-04-07', 'Delivered', 'TRK4075'),
(196, 316, '2024-04-06', '2024-04-11', '2024-04-10', 'Delivered', 'TRK4076'),
(197, 317, '2024-04-09', '2024-04-14', '2024-04-13', 'Delivered', 'TRK4077'),
(198, 318, '2024-04-13', '2024-04-18', '2024-04-17', 'Delivered', 'TRK4078'),
(199, 319, '2024-04-16', '2024-04-21', '2024-04-20', 'Delivered', 'TRK4079'),
(200, 320, '2024-04-19', '2024-04-24', '2024-04-23', 'Delivered', 'TRK4080'),
(201, 321, '2024-04-23', '2024-04-28', '2024-04-27', 'Delivered', 'TRK4081'),
(202, 322, '2024-04-26', '2024-05-01', '2024-04-30', 'Delivered', 'TRK4082'),
(203, 323, '2024-04-29', '2024-05-04', '2024-05-03', 'Delivered', 'TRK4083'),
(204, 324, '2024-05-03', '2024-05-08', '2024-05-07', 'Delivered', 'TRK4084'),
(205, 325, '2024-05-06', '2024-05-11', '2024-05-10', 'Delivered', 'TRK4085'),
(206, 326, '2024-05-09', '2024-05-14', '2024-05-13', 'Delivered', 'TRK4086'),
(207, 327, '2024-05-13', '2024-05-18', '2024-05-17', 'Delivered', 'TRK4087'),
(208, 328, '2024-05-16', '2024-05-21', '2024-05-20', 'Delivered', 'TRK4088'),
(209, 329, '2024-05-19', '2024-05-24', '2024-05-23', 'Delivered', 'TRK4089'),
(210, 330, '2024-05-23', '2024-05-28', '2024-05-27', 'Delivered', 'TRK4090'),
(211, 331, '2024-05-26', '2024-05-31', '2024-05-30', 'Delivered', 'TRK4091'),
(212, 332, '2024-05-29', '2024-06-03', '2024-06-02', 'Delivered', 'TRK4092'),
(213, 333, '2024-06-03', '2024-06-08', '2024-06-07', 'Delivered', 'TRK4093'),
(214, 334, '2024-06-06', '2024-06-11', '2024-06-10', 'Delivered', 'TRK4094'),
(215, 335, '2024-06-09', '2024-06-14', '2024-06-13', 'Delivered', 'TRK4095'),
(216, 336, '2024-06-13', '2024-06-18', '2024-06-17', 'Delivered', 'TRK4096'),
(217, 337, '2024-06-16', '2024-06-21', '2024-06-20', 'Delivered', 'TRK4097'),
(218, 338, '2024-06-19', '2024-06-24', '2024-06-23', 'Delivered', 'TRK4098'),
(219, 339, '2024-06-23', '2024-06-28', '2024-06-27', 'Delivered', 'TRK4099'),
(220, 340, '2024-06-26', '2024-07-01', '2024-06-30', 'Delivered', 'TRK4100');

INSERT INTO Orders (order_id, order_date, customer_id, order_status, total_amount) VALUES
(341, '2025-01-10 10:30:00', 1, 'Delivered', 11200.00),
(342, '2025-01-12 14:20:00', 8, 'Delivered', 13500.00),
(343, '2025-01-15 09:15:00', 15, 'Delivered', 7200.00),
(344, '2025-01-18 11:40:00', 3, 'Delivered', 10500.00),
(345, '2025-01-22 15:30:00', 12, 'Delivered', 8400.00),
(346, '2025-01-25 13:20:00', 22, 'Delivered', 13000.00),
(347, '2025-01-28 16:45:00', 28, 'Delivered', 6600.00),
(348, '2025-02-02 10:00:00', 5, 'Delivered', 11200.00),
(349, '2025-02-05 14:30:00', 19, 'Delivered', 13500.00),
(350, '2025-02-08 09:45:00', 7, 'Delivered', 7200.00),
(351, '2025-02-12 12:15:00', 14, 'Delivered', 10500.00),
(352, '2025-02-15 11:20:00', 2, 'Delivered', 8400.00),
(353, '2025-02-18 15:50:00', 9, 'Delivered', 13000.00),
(354, '2025-02-22 17:30:00', 16, 'Delivered', 6600.00),
(355, '2025-02-25 10:30:00', 25, 'Delivered', 11200.00),
(356, '2025-03-02 13:40:00', 4, 'Delivered', 13500.00),
(357, '2025-03-05 16:20:00', 11, 'Delivered', 7200.00),
(358, '2025-03-08 09:30:00', 18, 'Delivered', 10500.00),
(359, '2025-03-12 14:00:00', 23, 'Delivered', 8400.00),
(360, '2025-03-15 11:15:00', 6, 'Delivered', 13000.00),
(361, '2025-03-18 10:20:00', 13, 'Delivered', 6600.00),
(362, '2025-03-22 13:45:00', 20, 'Delivered', 11200.00),
(363, '2025-03-25 15:30:00', 27, 'Delivered', 13500.00),
(364, '2025-03-28 09:50:00', 10, 'Delivered', 7200.00),
(365, '2025-04-02 12:30:00', 17, 'Delivered', 10500.00),
(366, '2025-04-05 14:10:00', 24, 'Delivered', 8400.00),
(367, '2025-04-08 16:40:00', 31, 'Delivered', 13000.00),
(368, '2025-04-12 18:20:00', 38, 'Delivered', 6600.00),
(369, '2025-04-15 11:00:00', 1, 'Delivered', 11200.00),
(370, '2025-04-18 13:30:00', 5, 'Delivered', 13500.00);

INSERT INTO Order_Items (order_item_id, order_id, product_id, quantity, unit_price, line_total) VALUES
(353, 341, 11, 5, 1500.00, 7500.00),
(354, 341, 40, 3, 1200.00, 3600.00),
(355, 342, 28, 3, 4500.00, 13500.00),
(356, 343, 29, 4, 1800.00, 7200.00),
(357, 344, 27, 3, 3500.00, 10500.00),
(358, 345, 13, 3, 2800.00, 8400.00),
(359, 346, 17, 2, 6500.00, 13000.00),
(360, 347, 42, 3, 2200.00, 6600.00),
(361, 348, 11, 6, 1500.00, 9000.00),
(362, 348, 40, 2, 1200.00, 2400.00),
(363, 349, 19, 3, 4500.00, 13500.00),
(364, 350, 15, 6, 1200.00, 7200.00),
(365, 351, 27, 3, 3500.00, 10500.00),
(366, 352, 13, 3, 2800.00, 8400.00),
(367, 353, 17, 2, 6500.00, 13000.00),
(368, 354, 46, 3, 2200.00, 6600.00),
(369, 355, 11, 5, 1500.00, 7500.00),
(370, 355, 40, 3, 1200.00, 3600.00),
(371, 356, 31, 3, 4500.00, 13500.00),
(372, 357, 29, 4, 1800.00, 7200.00),
(373, 358, 27, 3, 3500.00, 10500.00),
(374, 359, 13, 3, 2800.00, 8400.00),
(375, 360, 17, 2, 6500.00, 13000.00),
(376, 361, 42, 3, 2200.00, 6600.00),
(377, 362, 11, 6, 1500.00, 9000.00),
(378, 362, 40, 2, 1200.00, 2400.00),
(379, 363, 28, 3, 4500.00, 13500.00),
(380, 364, 15, 6, 1200.00, 7200.00),
(381, 365, 27, 3, 3500.00, 10500.00),
(382, 366, 13, 3, 2800.00, 8400.00),
(383, 367, 17, 2, 6500.00, 13000.00),
(384, 368, 46, 3, 2200.00, 6600.00),
(385, 369, 11, 5, 1500.00, 7500.00),
(386, 369, 40, 3, 1200.00, 3600.00),
(387, 370, 19, 3, 4500.00, 13500.00);

INSERT INTO Payments (payment_id, order_id, payment_date, payment_method, payment_status, amount) VALUES
(321, 341, '2025-01-10 10:35:00', 'bKash', 'Completed', 11200.00),
(322, 342, '2025-01-12 14:25:00', 'Credit Card', 'Completed', 13500.00),
(323, 343, '2025-01-15 09:20:00', 'Nagad', 'Completed', 7200.00),
(324, 344, '2025-01-18 11:45:00', 'Rocket', 'Completed', 10500.00),
(325, 345, '2025-01-22 15:35:00', 'Bank Transfer', 'Completed', 8400.00),
(326, 346, '2025-01-25 13:25:00', 'bKash', 'Completed', 13000.00),
(327, 347, '2025-01-28 16:50:00', 'Cash on Delivery', 'Completed', 6600.00),
(328, 348, '2025-02-02 10:05:00', 'Nagad', 'Completed', 11200.00),
(329, 349, '2025-02-05 14:35:00', 'Credit Card', 'Completed', 13500.00),
(330, 350, '2025-02-08 09:50:00', 'Rocket', 'Completed', 7200.00),
(331, 351, '2025-02-12 12:20:00', 'bKash', 'Completed', 10500.00),
(332, 352, '2025-02-15 11:25:00', 'Bank Transfer', 'Completed', 8400.00),
(333, 353, '2025-02-18 15:55:00', 'Credit Card', 'Completed', 13000.00),
(334, 354, '2025-02-22 17:35:00', 'Nagad', 'Completed', 6600.00),
(335, 355, '2025-02-25 10:35:00', 'bKash', 'Completed', 11200.00),
(336, 356, '2025-03-02 13:45:00', 'Cash on Delivery', 'Completed', 13500.00),
(337, 357, '2025-03-05 16:25:00', 'Rocket', 'Completed', 7200.00),
(338, 358, '2025-03-08 09:35:00', 'bKash', 'Completed', 10500.00),
(339, 359, '2025-03-12 14:05:00', 'Nagad', 'Completed', 8400.00),
(340, 360, '2025-03-15 11:20:00', 'Credit Card', 'Completed', 13000.00),
(341, 361, '2025-03-18 10:25:00', 'Bank Transfer', 'Completed', 6600.00),
(342, 362, '2025-03-22 13:50:00', 'bKash', 'Completed', 11200.00),
(343, 363, '2025-03-25 15:35:00', 'Rocket', 'Completed', 13500.00),
(344, 364, '2025-03-28 09:55:00', 'Cash on Delivery', 'Completed', 7200.00),
(345, 365, '2025-04-02 12:35:00', 'Nagad', 'Completed', 10500.00),
(346, 366, '2025-04-05 14:15:00', 'bKash', 'Completed', 8400.00),
(347, 367, '2025-04-08 16:45:00', 'Credit Card', 'Completed', 13000.00),
(348, 368, '2025-04-12 18:25:00', 'Rocket', 'Completed', 6600.00),
(349, 369, '2025-04-15 11:05:00', 'Bank Transfer', 'Completed', 11200.00),
(350, 370, '2025-04-18 13:35:00', 'bKash', 'Completed', 13500.00);

INSERT INTO Shipping (shipping_id, order_id, shipping_date, estimated_delivery, actual_delivery, delivery_status, tracking_number) VALUES
(221, 341, '2025-01-11', '2025-01-16', '2025-01-15', 'Delivered', 'TRK5001'),
(222, 342, '2025-01-13', '2025-01-18', '2025-01-17', 'Delivered', 'TRK5002'),
(223, 343, '2025-01-16', '2025-01-21', '2025-01-20', 'Delivered', 'TRK5003'),
(224, 344, '2025-01-19', '2025-01-24', '2025-01-23', 'Delivered', 'TRK5004'),
(225, 345, '2025-01-23', '2025-01-28', '2025-01-27', 'Delivered', 'TRK5005'),
(226, 346, '2025-01-26', '2025-01-31', '2025-01-30', 'Delivered', 'TRK5006'),
(227, 347, '2025-01-29', '2025-02-03', '2025-02-02', 'Delivered', 'TRK5007'),
(228, 348, '2025-02-03', '2025-02-08', '2025-02-07', 'Delivered', 'TRK5008'),
(229, 349, '2025-02-06', '2025-02-11', '2025-02-10', 'Delivered', 'TRK5009'),
(230, 350, '2025-02-09', '2025-02-14', '2025-02-13', 'Delivered', 'TRK5010'),
(231, 351, '2025-02-13', '2025-02-18', '2025-02-17', 'Delivered', 'TRK5011'),
(232, 352, '2025-02-16', '2025-02-21', '2025-02-20', 'Delivered', 'TRK5012'),
(233, 353, '2025-02-19', '2025-02-24', '2025-02-23', 'Delivered', 'TRK5013'),
(234, 354, '2025-02-23', '2025-02-28', '2025-02-27', 'Delivered', 'TRK5014'),
(235, 355, '2025-02-26', '2025-03-03', '2025-03-02', 'Delivered', 'TRK5015'),
(236, 356, '2025-03-03', '2025-03-08', '2025-03-07', 'Delivered', 'TRK5016'),
(237, 357, '2025-03-06', '2025-03-11', '2025-03-10', 'Delivered', 'TRK5017'),
(238, 358, '2025-03-09', '2025-03-14', '2025-03-13', 'Delivered', 'TRK5018'),
(239, 359, '2025-03-13', '2025-03-18', '2025-03-17', 'Delivered', 'TRK5019'),
(240, 360, '2025-03-16', '2025-03-21', '2025-03-20', 'Delivered', 'TRK5020'),
(241, 361, '2025-03-19', '2025-03-24', '2025-03-23', 'Delivered', 'TRK5021'),
(242, 362, '2025-03-23', '2025-03-28', '2025-03-27', 'Delivered', 'TRK5022'),
(243, 363, '2025-03-26', '2025-03-31', '2025-03-30', 'Delivered', 'TRK5023'),
(244, 364, '2025-03-29', '2025-04-03', '2025-04-02', 'Delivered', 'TRK5024'),
(245, 365, '2025-04-03', '2025-04-08', '2025-04-07', 'Delivered', 'TRK5025'),
(246, 366, '2025-04-06', '2025-04-11', '2025-04-10', 'Delivered', 'TRK5026'),
(247, 367, '2025-04-09', '2025-04-14', '2025-04-13', 'Delivered', 'TRK5027'),
(248, 368, '2025-04-13', '2025-04-18', '2025-04-17', 'Delivered', 'TRK5028'),
(249, 369, '2025-04-16', '2025-04-21', '2025-04-20', 'Delivered', 'TRK5029'),
(250, 370, '2025-04-19', '2025-04-24', '2025-04-23', 'Delivered', 'TRK5030');


-- Insert two new warehouses with very low capacity
INSERT INTO Warehouses (warehouse_id, warehouse_name, location) VALUES
(51, 'Sylhet Emergency Depot', 'Sylhet'),
(52, 'Rajshahi Backup Store', 'Rajshahi');

-- Insert inventory for Warehouse 51 (Sylhet Emergency Depot) - Very Low Capacity
-- Total stock will be around 800-900 units
INSERT INTO Inventory (inventory_id, product_id, warehouse_id, stock_remaining, restock_date, min_stock_level) VALUES
(1001, 1, 51, 45, '2025-12-15', 20),
(1002, 3, 51, 38, '2025-12-10', 15),
(1003, 11, 51, 95, '2025-12-20', 50),
(1004, 15, 51, 120, '2025-12-18', 60),
(1005, 17, 51, 28, '2025-12-12', 15),
(1006, 25, 51, 85, '2025-12-22', 40),
(1007, 29, 51, 150, '2025-12-25', 80),
(1008, 31, 51, 42, '2025-12-14', 20),
(1009, 40, 51, 110, '2025-12-19', 55),
(1010, 45, 51, 75, '2025-12-16', 35);

-- Insert inventory for Warehouse 52 (Rajshahi Backup Store) - Very Low Capacity
-- Total stock will be around 700-800 units
INSERT INTO Inventory (inventory_id, product_id, warehouse_id, stock_remaining, restock_date, min_stock_level) VALUES
(1011, 2, 52, 32, '2025-12-17', 18),
(1012, 7, 52, 55, '2025-12-11', 25),
(1013, 13, 52, 88, '2025-12-21', 45),
(1014, 16, 52, 72, '2025-12-13', 35),
(1015, 18, 52, 41, '2025-12-09', 20),
(1016, 27, 52, 95, '2025-12-23', 50),
(1017, 28, 52, 68, '2025-12-15', 30),
(1018, 42, 52, 80, '2025-12-24', 40),
(1019, 46, 52, 62, '2025-12-19', 28),
(1020, 49, 52, 105, '2025-12-26', 52);